,TOB1,P1,Water depth [cm],Discharge [m^3/s],Unnamed: 8
,mean,mean,mean,mean,mean
Datetime,,,,,
2018-07-31 11:00:00,23.6,3.4695,2.23889,0.0046007509000000005,0.0046007509000000005
2018-07-31 12:00:00,24.183333333333334,4.6375,3.4302500000000005,0.008636153408333331,0.008636153408333331
2018-07-31 13:00:00,26.96666666666667,4.738333333333333,3.5331000000000006,0.009175077075,0.009175077075
2018-07-31 14:00:00,28.125,4.743333333333333,3.5382000000000002,0.009203653175,0.009203653175
2018-07-31 15:00:00,28.816666666666674,4.6969166666666675,3.4908550000000003,0.008956668333333332,0.008956668333333332
2018-07-31 16:00:00,29.16666666666666,4.657,3.4501399999999993,0.008741064508333332,0.008741064508333332
2018-07-31 17:00:00,28.708333333333332,4.6433333333333335,3.436200000000001,0.008666650650000001,0.008666650650000001
2018-07-31 18:00:00,26.425,4.5960833333333335,3.388005,0.008420485891666666,0.008420485891666666
2018-07-31 19:00:00,24.50833333333333,4.621666666666667,3.4141,0.008550275825,0.008550275825
2018-07-31 20:00:00,23.349999999999994,4.514833333333334,3.30513,0.008002863399999999,0.008002863399999999
2018-07-31 21:00:00,22.5,4.566999999999999,3.3583399999999997,0.008268717825000002,0.008268717825000002
2018-07-31 22:00:00,21.650000000000002,4.621250000000001,3.413675,0.008553869691666665,0.008553869691666665
2018-07-31 23:00:00,21.358333333333338,4.641500000000001,3.4343299999999997,0.008664211449999999,0.008664211449999999
2018-08-01 00:00:00,21.058333333333334,4.69225,3.4860949999999993,0.008931256908333332,0.008931256908333332
2018-08-01 01:00:00,20.983333333333334,4.782166666666666,3.577810000000001,0.009419096175,0.009419096175
2018-08-01 02:00:00,20.666666666666668,4.681583333333333,3.475215,0.008876909025,0.008876909025
2018-08-01 03:00:00,20.333333333333332,4.748083333333334,3.5430449999999998,0.009230257774999999,0.009230257774999999
2018-08-01 04:00:00,20.025000000000002,4.676333333333334,3.4698599999999993,0.008842905774999998,0.008842905774999998
2018-08-01 05:00:00,19.749999999999996,4.738916666666666,3.5336950000000003,0.009182242124999998,0.009182242124999998
2018-08-01 06:00:00,19.69166666666667,4.726666666666667,3.5212000000000003,0.009112596475,0.009112596475
2018-08-01 07:00:00,19.941666666666666,4.730583333333333,3.525195,0.009135938833333334,0.009135938833333334
2018-08-01 08:00:00,20.366666666666664,4.705416666666667,3.4995249999999998,0.009005102291666667,0.009005102291666667
2018-08-01 09:00:00,21.141666666666666,4.709666666666666,3.50386,0.009021352716666665,0.009021352716666665
2018-08-01 10:00:00,22.024999999999995,4.671666666666666,3.4651,0.008823603941666666,0.008823603941666666
2018-08-01 11:00:00,23.383333333333336,4.704583333333334,3.498675,0.00900141588333333,0.00900141588333333
2018-08-01 12:00:00,25.08333333333333,4.717249999999999,3.511595,0.009071421941666666,0.009071421941666666
2018-08-01 13:00:00,26.849999999999994,4.672833333333334,3.4662900000000003,0.008828668733333331,0.008828668733333331
2018-08-01 14:00:00,28.341666666666665,4.7100833333333325,3.5042850000000008,0.009027237516666667,0.009027237516666667
2018-08-01 15:00:00,28.374999999999996,4.56325,3.3545150000000006,0.00824508735,0.00824508735
2018-08-01 16:00:00,27.624999999999996,4.535916666666666,3.326635,0.008107099433333336,0.008107099433333336
2018-08-01 17:00:00,27.14166666666667,4.5475,3.33845,0.008169266691666668,0.008169266691666668
2018-08-01 18:00:00,25.033333333333335,4.513333333333333,3.3036000000000008,0.007994835508333333,0.007994835508333333
2018-08-01 19:00:00,23.825,4.4824166666666665,3.2720649999999996,0.007838611616666666,0.007838611616666666
2018-08-01 20:00:00,22.96666666666667,4.529416666666667,3.320005,0.008079697991666667,0.008079697991666667
2018-08-01 21:00:00,22.25833333333333,4.585583333333333,3.3772949999999997,0.008366218158333332,0.008366218158333332
2018-08-01 22:00:00,21.608333333333334,4.62975,3.4223449999999995,0.008601881674999999,0.008601881674999999
2018-08-01 23:00:00,20.983333333333338,4.57925,3.370835,0.008332784458333334,0.008332784458333334
2018-08-02 00:00:00,20.73333333333333,4.588333333333333,3.3801,0.008374690558333333,0.008374690558333333
2018-08-02 01:00:00,20.641666666666662,4.687333333333333,3.4810800000000004,0.0089100437,0.0089100437
2018-08-02 02:00:00,20.433333333333337,4.6667499999999995,3.460085,0.008792687258333333,0.008792687258333333
2018-08-02 03:00:00,20.083333333333332,4.737,3.5317399999999997,0.0091727602,0.0091727602
2018-08-02 04:00:00,19.925000000000004,4.642583333333334,3.4354350000000005,0.008662121650000002,0.008662121650000002
2018-08-02 05:00:00,20.09166666666666,4.691833333333334,3.4856700000000003,0.008934475458333332,0.008934475458333332
2018-08-02 06:00:00,20.224999999999998,4.744000000000001,3.5388800000000007,0.0092179209,0.0092179209
2018-08-02 07:00:00,20.31666666666667,4.726583333333334,3.521115,0.009113641125,0.009113641125
2018-08-02 08:00:00,20.391666666666666,4.735666666666667,3.5303799999999996,0.009166300425000001,0.009166300425000001
2018-08-02 09:00:00,21.441666666666663,4.8105,3.60671,0.009576323258333333,0.009576323258333333
2018-08-02 10:00:00,22.858333333333334,4.818583333333334,3.614954999999999,0.009627902333333334,0.009627902333333334
2018-08-02 11:00:00,23.3,4.742999999999999,3.5378600000000002,0.009215411225,0.009215411225
2018-08-02 12:00:00,23.775000000000002,4.801916666666667,3.5979550000000002,0.009532034083333332,0.009532034083333332
2018-08-02 13:00:00,23.75833333333333,4.772333333333332,3.5677799999999995,0.00936222115,0.00936222115
2018-08-02 14:00:00,25.866666666666664,4.81475,3.6110450000000003,0.009600943133333333,0.009600943133333333
2018-08-02 15:00:00,26.474999999999998,4.749416666666666,3.544405,0.009244376941666669,0.009244376941666669
2018-08-02 16:00:00,26.558333333333334,4.71275,3.507005000000001,0.009038409091666666,0.009038409091666666
2018-08-02 17:00:00,25.516666666666666,4.664416666666667,3.4577050000000003,0.008776689941666667,0.008776689941666667
2018-08-02 18:00:00,24.575,4.6122499999999995,3.4044950000000003,0.008499524733333333,0.008499524733333333
2018-08-02 19:00:00,22.041666666666668,4.964916666666666,3.7642149999999996,0.010475097983333334,0.010475097983333334
2018-08-02 20:00:00,19.883333333333333,5.821833333333333,4.6382699999999994,0.01613067645,0.01613067645
2018-08-02 21:00:00,19.55833333333333,5.5715,4.382929999999999,0.014379475416666667,0.014379475416666667
2018-08-02 22:00:00,19.825,5.015083333333333,3.8153850000000005,0.010757340733333334,0.010757340733333334
2018-08-02 23:00:00,20.05,4.834416666666667,3.631105000000001,0.00971708505,0.00971708505
2018-08-03 00:00:00,20.291666666666668,4.872,3.669440000000001,0.009929866224999999,0.009929866224999999
2018-08-03 01:00:00,20.716666666666672,4.82075,3.6171650000000004,0.009643703516666666,0.009643703516666666
2018-08-03 02:00:00,20.674999999999997,4.816333333333334,3.6126599999999995,0.009614634591666666,0.009614634591666666
2018-08-03 03:00:00,20.716666666666672,4.747833333333333,3.54279,0.009232315900000001,0.009232315900000001
2018-08-03 04:00:00,20.933333333333337,4.79325,3.5891149999999996,0.009478020766666666,0.009478020766666666
2018-08-03 05:00:00,20.641666666666666,4.810499999999999,3.606709999999999,0.009587968691666665,0.009587968691666665
2018-08-03 06:00:00,20.341666666666672,4.8175,3.61385,0.009613084375,0.009613084375
2018-08-03 07:00:00,20.375000000000004,4.747416666666667,3.5423650000000007,0.009228777116666666,0.009228777116666666
2018-08-03 08:00:00,20.541666666666664,4.815083333333334,3.6113850000000003,0.009601488933333334,0.009601488933333334
2018-08-03 09:00:00,20.691666666666666,4.7825,3.5781499999999995,0.009433839566666666,0.009433839566666666
2018-08-03 10:00:00,20.974999999999998,4.7227500000000004,3.5172050000000006,0.009093869708333334,0.009093869708333334
2018-08-03 11:00:00,21.275000000000002,4.7580833333333326,3.5532450000000004,0.009293673533333331,0.009293673533333331
2018-08-03 12:00:00,20.766666666666662,4.707416666666667,3.501565000000001,0.00901511175,0.00901511175
2018-08-03 13:00:00,21.5,4.7155,3.50981,0.009056306966666667,0.009056306966666667
2018-08-03 14:00:00,22.399999999999995,4.7435833333333335,3.5384550000000004,0.0092048193,0.0092048193
2018-08-03 15:00:00,23.38333333333333,4.750000000000001,3.545,0.009250603324999999,0.009250603324999999
2018-08-03 16:00:00,24.575,4.652583333333334,3.445635,0.008715207291666666,0.008715207291666666
2018-08-03 17:00:00,24.099999999999998,4.637916666666668,3.430675000000001,0.008651399508333333,0.008651399508333333
2018-08-03 18:00:00,23.09166666666667,4.6049999999999995,3.3971,0.00846124885,0.00846124885
2018-08-03 19:00:00,22.28333333333333,4.603999999999999,3.39608,0.008459591708333334,0.008459591708333334
2018-08-03 20:00:00,21.65833333333333,4.57675,3.3682850000000006,0.008323368141666667,0.008323368141666667
2018-08-03 21:00:00,21.166666666666668,4.669083333333334,3.4624650000000003,0.008809293958333334,0.008809293958333334
2018-08-03 22:00:00,20.224999999999998,4.523666666666667,3.31414,0.008044197341666665,0.008044197341666665
2018-08-03 23:00:00,19.916666666666664,4.629750000000001,3.422345,0.008599590708333332,0.008599590708333332
2018-08-04 00:00:00,20.333333333333332,4.5882499999999995,3.380015,0.008383525733333333,0.008383525733333333
2018-08-04 01:00:00,21.099999999999994,4.636,3.4287199999999998,0.008627615108333332,0.008627615108333332
2018-08-04 02:00:00,20.875000000000004,4.6890833333333335,3.4828650000000003,0.008907970224999999,0.008907970224999999
2018-08-04 03:00:00,20.816666666666666,4.6155,3.4078099999999996,0.008523294083333334,0.008523294083333334
2018-08-04 04:00:00,20.816666666666674,4.69,3.4838000000000005,0.008915403841666666,0.008915403841666666
2018-08-04 05:00:00,20.76666666666667,4.6755,3.4690100000000004,0.008846172099999999,0.008846172099999999
2018-08-04 06:00:00,20.65,4.691166666666667,3.4849899999999994,0.008935338641666665,0.008935338641666665
2018-08-04 07:00:00,20.8,4.689166666666665,3.48295,0.008913878674999999,0.008913878674999999
2018-08-04 08:00:00,21.049999999999997,4.618833333333333,3.4112100000000005,0.008546861758333335,0.008546861758333335
2018-08-04 09:00:00,21.441666666666663,4.679666666666667,3.473260000000001,0.008862928908333333,0.008862928908333333
2018-08-04 10:00:00,22.558333333333334,4.717250000000001,3.5115950000000002,0.009060151308333332,0.009060151308333332
2018-08-04 11:00:00,23.825000000000003,4.697666666666667,3.4916199999999997,0.008974330283333333,0.008974330283333333
2018-08-04 12:00:00,24.924999999999997,4.724749999999999,3.519245,0.009118089458333334,0.009118089458333334
2018-08-04 13:00:00,25.891666666666666,4.605083333333333,3.3971850000000003,0.0084758614,0.0084758614
2018-08-04 14:00:00,26.724999999999998,4.603750000000001,3.395825,0.00845885815,0.00845885815
2018-08-04 15:00:00,27.05,4.539333333333333,3.3301200000000004,0.008125483991666667,0.008125483991666667
2018-08-04 16:00:00,26.533333333333328,4.527749999999999,3.318305,0.008069872008333333,0.008069872008333333
2018-08-04 17:00:00,25.925,4.554749999999999,3.345845,0.008204463641666668,0.008204463641666668
2018-08-04 18:00:00,24.766666666666666,4.561,3.3522199999999995,0.008234815241666667,0.008234815241666667
2018-08-04 19:00:00,23.850000000000005,4.512916666666667,3.303175,0.0079894402,0.0079894402
2018-08-04 20:00:00,22.8,4.456833333333334,3.2459699999999994,0.007710641308333333,0.007710641308333333
2018-08-04 21:00:00,22.275000000000002,4.471,3.26042,0.007775836424999999,0.007775836424999999
2018-08-04 22:00:00,21.941666666666666,4.456250000000001,3.2453749999999997,0.007703753416666666,0.007703753416666666
2018-08-04 23:00:00,20.625000000000004,4.400083333333334,3.1880850000000005,0.007429515908333332,0.007429515908333332
2018-08-05 00:00:00,19.975000000000005,4.516416666666667,3.3067450000000007,0.008019061891666667,0.008019061891666667
2018-08-05 01:00:00,19.816666666666666,4.5095,3.29969,0.007977562025000001,0.007977562025000001
2018-08-05 02:00:00,19.458333333333332,4.43325,3.2219150000000005,0.0075919123,0.0075919123
2018-08-05 03:00:00,18.816666666666666,4.467333333333333,3.2566800000000007,0.007764899366666665,0.007764899366666665
2018-08-05 04:00:00,18.416666666666668,4.454083333333334,3.243165,0.007691826991666667,0.007691826991666667
2018-08-05 05:00:00,18.008333333333336,4.5160833333333334,3.3064050000000003,0.008003822774999997,0.008003822774999997
2018-08-05 06:00:00,17.86666666666667,4.569083333333334,3.360465,0.008283426466666665,0.008283426466666665
2018-08-05 07:00:00,17.925,4.422833333333333,3.2112900000000004,0.007542583724999999,0.007542583724999999
2018-08-05 08:00:00,19.558333333333334,4.5594166666666665,3.3506049999999994,0.008235839741666666,0.008235839741666666
2018-08-05 09:00:00,21.483333333333334,4.553583333333333,3.3446549999999995,0.008195975158333334,0.008195975158333334
2018-08-05 10:00:00,23.358333333333338,4.571249999999999,3.3626749999999994,0.008298533383333334,0.008298533383333334
2018-08-05 11:00:00,24.666666666666668,4.578666666666667,3.3702400000000003,0.008324977475,0.008324977475
2018-08-05 12:00:00,25.71666666666667,4.5985,3.390469999999999,0.008430019816666667,0.008430019816666667
2018-08-05 13:00:00,26.708333333333332,4.574083333333333,3.365565,0.008304385333333332,0.008304385333333332
2018-08-05 14:00:00,27.758333333333336,4.58875,3.380525,0.008376734191666665,0.008376734191666665
2018-08-05 15:00:00,28.133333333333336,4.546583333333333,3.337515,0.008162938816666668,0.008162938816666668
2018-08-05 16:00:00,28.041666666666668,4.511749999999999,3.3019849999999997,0.0079839111,0.0079839111
2018-08-05 17:00:00,27.058333333333334,4.52025,3.310655,0.008034341583333333,0.008034341583333333
2018-08-05 18:00:00,25.783333333333335,4.43175,3.2203850000000003,0.007582021108333333,0.007582021108333333
2018-08-05 19:00:00,24.333333333333332,4.429083333333333,3.217665,0.007572108766666668,0.007572108766666668
2018-08-05 20:00:00,23.208333333333332,4.4638333333333335,3.253110000000001,0.007744052216666668,0.007744052216666668
2018-08-05 21:00:00,21.925,4.4392499999999995,3.228035,0.007624186275,0.007624186275
2018-08-05 22:00:00,21.25,4.432666666666666,3.2213200000000004,0.007588472416666666,0.007588472416666666
2018-08-05 23:00:00,20.633333333333333,4.435250000000001,3.223955,0.007601120149999999,0.007601120149999999
2018-08-06 00:00:00,20.36666666666667,4.424166666666667,3.21265,0.007550006158333333,0.007550006158333333
2018-08-06 01:00:00,20.491666666666667,4.463166666666667,3.2524300000000004,0.007742004366666666,0.007742004366666666
2018-08-06 02:00:00,20.941666666666666,4.48525,3.274955,0.007849888683333334,0.007849888683333334
2018-08-06 03:00:00,20.41666666666667,4.47125,3.2606750000000004,0.007782020158333334,0.007782020158333334
2018-08-06 04:00:00,20.083333333333336,4.476333333333333,3.26586,0.007805142500000001,0.007805142500000001
2018-08-06 05:00:00,19.624999999999996,4.517333333333334,3.30768,0.008013461875,0.008013461875
2018-08-06 06:00:00,19.5,4.479666666666667,3.2692600000000005,0.0078209288,0.0078209288
2018-08-06 07:00:00,19.55833333333333,4.547,3.33794,0.008170934966666666,0.008170934966666666
2018-08-06 08:00:00,19.966666666666665,4.526666666666666,3.3172,0.008056055633333331,0.008056055633333331
2018-08-06 09:00:00,20.891666666666666,4.5415,3.3323299999999993,0.008140784125,0.008140784125
2018-08-06 10:00:00,22.28333333333333,4.5473333333333334,3.3382800000000006,0.008166839591666666,0.008166839591666666
2018-08-06 11:00:00,23.916666666666668,4.578916666666667,3.370495,0.008326212691666666,0.008326212691666666
2018-08-06 12:00:00,25.641666666666666,4.568166666666667,3.3595299999999995,0.008271911816666666,0.008271911816666666
2018-08-06 13:00:00,26.933333333333334,4.506166666666666,3.2962899999999995,0.007955168933333335,0.007955168933333335
2018-08-06 14:00:00,28.391666666666666,4.490166666666666,3.2799699999999987,0.007877911083333333,0.007877911083333333
2018-08-06 15:00:00,29.316666666666666,4.534416666666668,3.325105,0.008094396975000001,0.008094396975000001
2018-08-06 16:00:00,29.308333333333334,4.5183333333333335,3.3086999999999995,0.008014742975000001,0.008014742975000001
2018-08-06 17:00:00,28.316666666666666,4.471750000000001,3.2611849999999993,0.007788954775,0.007788954775
2018-08-06 18:00:00,26.95833333333334,4.4437500000000005,3.232625,0.0076397070999999995,0.0076397070999999995
2018-08-06 19:00:00,25.208333333333332,4.400166666666667,3.188170000000001,0.0074274710499999995,0.0074274710499999995
2018-08-06 20:00:00,23.941666666666666,4.402916666666667,3.1909750000000003,0.007440302149999999,0.007440302149999999
2018-08-06 21:00:00,22.84166666666667,4.369583333333333,3.1569749999999996,0.007276571558333333,0.007276571558333333
2018-08-06 22:00:00,21.683333333333334,4.389083333333333,3.176865,0.007373014516666666,0.007373014516666666
2018-08-06 23:00:00,21.05,4.399249999999999,3.187235,0.007421350633333334,0.007421350633333334
2018-08-07 00:00:00,20.358333333333334,4.423333333333334,3.2118,0.007537852633333334,0.007537852633333334
2018-08-07 01:00:00,19.749999999999996,4.439166666666666,3.22795,0.007626203983333333,0.007626203983333333
2018-08-07 02:00:00,19.508333333333336,4.510000000000001,3.3002000000000002,0.007977778025,0.007977778025
2018-08-07 03:00:00,19.266666666666662,4.451666666666667,3.2407000000000004,0.007681015808333333,0.007681015808333333
2018-08-07 04:00:00,19.066666666666666,4.448583333333334,3.237555,0.007669508608333333,0.007669508608333333
2018-08-07 05:00:00,18.925000000000004,4.550666666666667,3.34168,0.00818017325,0.00818017325
2018-08-07 06:00:00,18.73333333333333,4.546333333333334,3.33726,0.008157483141666666,0.008157483141666666
2018-08-07 07:00:00,18.716666666666665,4.570250000000001,3.3616550000000007,0.008287773583333333,0.008287773583333333
2018-08-07 08:00:00,18.84166666666667,4.545,3.3359,0.008156072966666665,0.008156072966666665
2018-08-07 09:00:00,19.5,4.614,3.40628,0.008509818508333333,0.008509818508333333
2018-08-07 10:00:00,21.083333333333332,4.577916666666666,3.369475,0.008330378458333334,0.008330378458333334
2018-08-07 11:00:00,22.724999999999998,4.600833333333333,3.3928500000000006,0.008441954758333333,0.008441954758333333
2018-08-07 12:00:00,24.316666666666666,4.654000000000001,3.447080000000001,0.008720003791666667,0.008720003791666667
2018-08-07 13:00:00,25.950000000000003,4.547166666666667,3.3381100000000004,0.008162883008333333,0.008162883008333333
2018-08-07 14:00:00,26.133333333333336,4.5698333333333325,3.3612300000000004,0.008284986566666666,0.008284986566666666
2018-08-07 15:00:00,25.86666666666667,4.486416666666666,3.276144999999999,0.0078560031,0.0078560031
2018-08-07 16:00:00,26.216666666666665,4.557916666666666,3.3490750000000005,0.008217968091666668,0.008217968091666668
2018-08-07 17:00:00,24.025000000000002,4.453583333333334,3.2426549999999996,0.007690155408333333,0.007690155408333333
2018-08-07 18:00:00,20.108333333333334,5.2915833333333335,4.097415000000001,0.012822296641666666,0.012822296641666666
2018-08-07 19:00:00,18.608333333333338,7.625583333333334,6.478095000000001,0.03213252025,0.03213252025
2018-08-07 20:00:00,18.125,6.228583333333334,5.053154999999999,0.019350515058333333,0.019350515058333333
2018-08-07 21:00:00,17.708333333333332,5.388083333333334,4.195845,0.013094388424999999,0.013094388424999999
2018-08-07 22:00:00,17.266666666666662,5.005833333333333,3.8059499999999993,0.01069924135,0.01069924135
2018-08-07 23:00:00,17.05,4.794583333333333,3.5904749999999996,0.009483695325000001,0.009483695325000001
2018-08-08 00:00:00,16.841666666666672,4.72575,3.520265,0.0091214715,0.0091214715
2018-08-08 01:00:00,16.966666666666665,4.7335,3.5281700000000007,0.009148531891666666,0.009148531891666666
2018-08-08 02:00:00,17.074999999999996,4.732583333333333,3.5272349999999997,0.009147450658333332,0.009147450658333332
2018-08-08 03:00:00,17.24166666666667,4.748083333333334,3.5430449999999998,0.009239164458333334,0.009239164458333334
2018-08-08 04:00:00,17.408333333333335,4.670333333333333,3.4637399999999996,0.00880926335,0.00880926335
2018-08-08 05:00:00,17.599999999999998,4.707166666666667,3.50131,0.009010588541666668,0.009010588541666668
2018-08-08 06:00:00,17.475,4.5985000000000005,3.39047,0.00843529335,0.00843529335
2018-08-08 07:00:00,17.34166666666667,4.588250000000001,3.380015,0.008380127591666666,0.008380127591666666
2018-08-08 08:00:00,17.583333333333332,4.622166666666666,3.4146099999999997,0.008555834100000001,0.008555834100000001
2018-08-08 09:00:00,18.466666666666665,4.6081666666666665,3.4003300000000003,0.008482822749999999,0.008482822749999999
2018-08-08 10:00:00,19.766666666666666,4.690083333333334,3.4838850000000003,0.008917473375,0.008917473375
2018-08-08 11:00:00,21.125,4.659916666666667,3.453115,0.008755226333333333,0.008755226333333333
2018-08-08 12:00:00,22.691666666666663,4.65925,3.452435,0.008755403866666666,0.008755403866666666
2018-08-08 13:00:00,23.775000000000002,4.601583333333333,3.393615,0.008447589558333333,0.008447589558333333
2018-08-08 14:00:00,22.299999999999997,4.543583333333333,3.3344550000000006,0.008148189516666666,0.008148189516666666
2018-08-08 15:00:00,22.558333333333334,4.539333333333334,3.3301199999999995,0.008129376416666665,0.008129376416666665
2018-08-08 16:00:00,23.858333333333338,4.539916666666667,3.3307149999999996,0.008133081441666667,0.008133081441666667
2018-08-08 17:00:00,23.424999999999997,4.544249999999999,3.3351350000000006,0.008145086991666666,0.008145086991666666
2018-08-08 18:00:00,22.141666666666666,4.483833333333333,3.27351,0.007844032891666667,0.007844032891666667
2018-08-08 19:00:00,21.400000000000002,4.449749999999999,3.238745,0.007679508066666667,0.007679508066666667
2018-08-08 20:00:00,20.500000000000004,4.410750000000001,3.1989649999999994,0.007481808508333333,0.007481808508333333
2018-08-08 21:00:00,19.349999999999998,4.429999999999999,3.2186,0.0075726313666666665,0.0075726313666666665
2018-08-08 22:00:00,18.766666666666662,4.438666666666666,3.2274399999999996,0.007619265683333331,0.007619265683333331
2018-08-08 23:00:00,18.49166666666667,4.456999999999999,3.24614,0.007709615708333333,0.007709615708333333
2018-08-09 00:00:00,18.175,4.442916666666666,3.2317750000000003,0.007642681983333333,0.007642681983333333
2018-08-09 01:00:00,17.799999999999994,4.450916666666666,3.2399349999999996,0.007679575841666665,0.007679575841666665
2018-08-09 02:00:00,17.324999999999996,4.522666666666667,3.31312,0.00804744695,0.00804744695
2018-08-09 03:00:00,17.091666666666665,4.437333333333334,3.2260799999999996,0.007613058441666665,0.007613058441666665
2018-08-09 04:00:00,16.858333333333334,4.4614166666666675,3.250645,0.0077271276499999994,0.0077271276499999994
2018-08-09 05:00:00,17.074999999999996,4.449083333333333,3.238065,0.007679473166666667,0.007679473166666667
2018-08-09 06:00:00,16.95833333333334,4.528,3.3185599999999997,0.008066586850000002,0.008066586850000002
2018-08-09 07:00:00,16.766666666666662,4.466,3.2553200000000007,0.007763689091666667,0.007763689091666667
2018-08-09 08:00:00,16.65833333333333,4.468833333333333,3.25821,0.007772595691666666,0.007772595691666666
2018-08-09 09:00:00,17.55,4.4558333333333335,3.24495,0.007704621833333334,0.007704621833333334
2018-08-09 10:00:00,19.116666666666667,4.507583333333334,3.2977350000000007,0.007967298591666665,0.007967298591666665
2018-08-09 11:00:00,20.591666666666665,4.45575,3.2448650000000003,0.007710975141666667,0.007710975141666667
2018-08-09 12:00:00,22.116666666666664,4.396583333333333,3.1845149999999998,0.007411875383333335,0.007411875383333335
2018-08-09 13:00:00,23.625,4.448583333333333,3.237555,0.007666149233333333,0.007666149233333333
2018-08-09 14:00:00,24.90833333333333,4.445666666666667,3.23458,0.007647966524999998,0.007647966524999998
2018-08-09 15:00:00,25.908333333333328,4.4781666666666675,3.2677300000000002,0.0078119536833333334,0.0078119536833333334
2018-08-09 16:00:00,26.474999999999998,4.409333333333332,3.1975199999999995,0.007474415716666666,0.007474415716666666
2018-08-09 17:00:00,25.374999999999996,4.4461666666666675,3.2350899999999996,0.007650391933333334,0.007650391933333334
2018-08-09 18:00:00,23.108333333333334,4.381083333333333,3.1687049999999997,0.007331820716666666,0.007331820716666666
2018-08-09 19:00:00,21.600000000000005,4.364083333333333,3.151365,0.007248931116666666,0.007248931116666666
2018-08-09 20:00:00,20.950000000000003,4.4327499999999995,3.2214049999999994,0.007585821766666666,0.007585821766666666
2018-08-09 21:00:00,20.316666666666666,4.331916666666667,3.1185550000000006,0.007093499883333334,0.007093499883333334
2018-08-09 22:00:00,19.500000000000004,4.34325,3.1301150000000004,0.0071484861583333325,0.0071484861583333325
2018-08-09 23:00:00,18.73333333333333,4.331,3.1176200000000005,0.007092126591666665,0.007092126591666665
2018-08-10 00:00:00,17.99166666666667,4.365833333333333,3.15315,0.0072679704000000005,0.0072679704000000005
2018-08-10 01:00:00,17.525000000000002,4.364083333333333,3.1513649999999997,0.007250782608333332,0.007250782608333332
2018-08-10 02:00:00,17.241666666666664,4.373166666666667,3.16063,0.007297168891666667,0.007297168891666667
2018-08-10 03:00:00,17.16666666666666,4.3637500000000005,3.151025,0.007256034466666668,0.007256034466666668
2018-08-10 04:00:00,17.275,4.402583333333333,3.190635,0.007438936749999999,0.007438936749999999
2018-08-10 05:00:00,17.099999999999998,4.318083333333333,3.1044450000000006,0.007032764291666667,0.007032764291666667
2018-08-10 06:00:00,17.008333333333333,4.422583333333333,3.2110349999999994,0.007536020600000001,0.007536020600000001
2018-08-10 07:00:00,17.200000000000006,4.38475,3.1724449999999997,0.007351488491666666,0.007351488491666666
2018-08-10 08:00:00,17.691666666666666,4.396999999999999,3.1849399999999997,0.007418030608333334,0.007418030608333334
2018-08-10 09:00:00,18.48333333333333,4.414916666666667,3.203215,0.0075086998416666675,0.0075086998416666675
2018-08-10 10:00:00,19.825,4.398166666666667,3.1861300000000004,0.0074142509583333335,0.0074142509583333335
2018-08-10 11:00:00,21.075,4.484333333333333,3.27402,0.007844050091666667,0.007844050091666667
2018-08-10 12:00:00,22.25,4.471,3.26042,0.0077799639500000005,0.0077799639500000005
2018-08-10 13:00:00,23.40833333333333,4.44175,3.230585,0.007632702658333333,0.007632702658333333
2018-08-10 14:00:00,24.475000000000005,4.431666666666667,3.2203000000000004,0.007587529475000001,0.007587529475000001
2018-08-10 15:00:00,25.075,4.4424166666666665,3.231265000000001,0.007631115791666667,0.007631115791666667
2018-08-10 16:00:00,25.533333333333328,4.405833333333334,3.1939500000000005,0.007454877333333334,0.007454877333333334
2018-08-10 17:00:00,25.033333333333335,4.429916666666666,3.2185150000000005,0.0075699425749999995,0.0075699425749999995
2018-08-10 18:00:00,23.791666666666668,4.406250000000001,3.194375000000001,0.007456207458333333,0.007456207458333333
2018-08-10 19:00:00,22.55,4.37625,3.163775,0.007308092375000001,0.007308092375000001
2018-08-10 20:00:00,21.175,4.357666666666666,3.1448199999999997,0.0072184218,0.0072184218
2018-08-10 21:00:00,19.6,4.380916666666665,3.168535,0.007334052099999999,0.007334052099999999
2018-08-10 22:00:00,18.5,4.394166666666667,3.18205,0.007398449716666666,0.007398449716666666
2018-08-10 23:00:00,17.933333333333337,4.3525833333333335,3.1396349999999997,0.007195906374999999,0.007195906374999999
2018-08-11 00:00:00,17.724999999999998,4.385666666666666,3.17338,0.007358026649999999,0.007358026649999999
2018-08-11 01:00:00,17.333333333333332,4.412166666666667,3.20041,0.0074842932,0.0074842932
2018-08-11 02:00:00,16.75833333333333,4.443416666666667,3.2322849999999996,0.007641027766666667,0.007641027766666667
2018-08-11 03:00:00,16.675,4.442666666666667,3.2315199999999997,0.007635990166666666,0.007635990166666666
2018-08-11 04:00:00,16.866666666666667,4.45625,3.2453749999999997,0.007712113533333333,0.007712113533333333
2018-08-11 05:00:00,16.36666666666667,4.422583333333333,3.2110350000000003,0.007538131191666665,0.007538131191666665
2018-08-11 06:00:00,16.700000000000003,4.415333333333334,3.20364,0.007497434616666666,0.007497434616666666
2018-08-11 07:00:00,17.116666666666664,4.4753333333333325,3.26484,0.007800760458333333,0.007800760458333333
2018-08-11 08:00:00,17.033333333333335,4.4695,3.2588900000000005,0.007771657616666668,0.007771657616666668
2018-08-11 09:00:00,17.650000000000002,4.437833333333333,3.22659,0.0076157886,0.0076157886
2018-08-11 10:00:00,19.433333333333334,4.527666666666668,3.31822,0.008072028566666667,0.008072028566666667
2018-08-11 11:00:00,21.016666666666666,4.455666666666667,3.24478,0.007707231316666666,0.007707231316666666
2018-08-11 12:00:00,22.266666666666666,4.491666666666667,3.2815,0.007878459733333334,0.007878459733333334
2018-08-11 13:00:00,23.458333333333332,4.536083333333333,3.326805,0.008107070716666666,0.008107070716666666
2018-08-11 14:00:00,24.5,4.488833333333333,3.27861,0.007864351991666668,0.007864351991666668
2018-08-11 15:00:00,25.166666666666668,4.465333333333333,3.2546399999999998,0.007745717733333333,0.007745717733333333
2018-08-11 16:00:00,25.16666666666666,4.461250000000001,3.250475,0.007725010600000001,0.007725010600000001
2018-08-11 17:00:00,24.741666666666664,4.43775,3.2265049999999995,0.0076106157249999995,0.0076106157249999995
2018-08-11 18:00:00,23.758333333333336,4.407333333333334,3.1954800000000003,0.00745949415,0.00745949415
2018-08-11 19:00:00,22.15833333333333,4.366166666666667,3.1534899999999997,0.007259741241666666,0.007259741241666666
2018-08-11 20:00:00,20.408333333333335,4.35375,3.1408249999999995,0.007200194975000001,0.007200194975000001
2018-08-11 21:00:00,18.875000000000004,4.3021666666666665,3.08821,0.006954516675,0.006954516675
2018-08-11 22:00:00,17.808333333333334,4.318416666666667,3.1047849999999997,0.007033943350000001,0.007033943350000001
2018-08-11 23:00:00,17.1,4.2802500000000006,3.0658550000000004,0.0068506528,0.0068506528
2018-08-12 00:00:00,16.616666666666664,4.332,3.1186399999999996,0.0070981543166666675,0.0070981543166666675
2018-08-12 01:00:00,16.408333333333335,4.28775,3.073505000000001,0.006893211216666668,0.006893211216666668
2018-08-12 02:00:00,16.400000000000002,4.293083333333334,3.0789449999999996,0.006918851516666667,0.006918851516666667
2018-08-12 03:00:00,16.274999999999995,4.237333333333333,3.0220800000000003,0.006650396808333333,0.006650396808333333
2018-08-12 04:00:00,15.258333333333331,4.344583333333334,3.1314750000000005,0.007159143774999999,0.007159143774999999
2018-08-12 05:00:00,14.908333333333333,4.279250000000001,3.0648350000000004,0.006847026283333334,0.006847026283333334
2018-08-12 06:00:00,15.825000000000001,4.294083333333333,3.079965,0.0069180567666666665,0.0069180567666666665
2018-08-12 07:00:00,16.174999999999997,4.311333333333334,3.09756,0.007001204125,0.007001204125
2018-08-12 08:00:00,16.13333333333333,4.31625,3.1025750000000003,0.007025318549999999,0.007025318549999999
2018-08-12 09:00:00,16.974999999999998,4.346416666666666,3.1333450000000003,0.007169145766666667,0.007169145766666667
2018-08-12 10:00:00,18.55833333333333,4.397333333333333,3.18528,0.007423858750000001,0.007423858750000001
2018-08-12 11:00:00,20.25,4.396833333333333,3.18477,0.007421612691666666,0.007421612691666666
2018-08-12 12:00:00,21.875,4.419583333333333,3.2079750000000007,0.007520962691666667,0.007520962691666667
2018-08-12 13:00:00,23.55,4.39375,3.181625,0.007392779083333333,0.007392779083333333
2018-08-12 14:00:00,24.766666666666666,4.463,3.2522599999999997,0.007737906366666668,0.007737906366666668
2018-08-12 15:00:00,25.400000000000006,4.446666666666667,3.2356,0.007653524399999999,0.007653524399999999
2018-08-12 16:00:00,25.966666666666658,4.426416666666667,3.2149449999999997,0.007555052450000001,0.007555052450000001
2018-08-12 17:00:00,25.91666666666667,4.4156666666666675,3.2039799999999996,0.007505801883333336,0.007505801883333336
2018-08-12 18:00:00,24.049999999999997,4.355166666666667,3.14227,0.007206743074999998,0.007206743074999998
2018-08-12 19:00:00,21.89166666666667,4.329833333333333,3.1164300000000007,0.007084519683333333,0.007084519683333333
2018-08-12 20:00:00,20.591666666666665,4.285083333333333,3.0707849999999994,0.006873593766666666,0.006873593766666666
2018-08-12 21:00:00,19.45,4.2588333333333335,3.04401,0.006746939391666666,0.006746939391666666
2018-08-12 22:00:00,18.433333333333334,4.297583333333333,3.083535,0.006930070116666667,0.006930070116666667
2018-08-12 23:00:00,17.89166666666667,4.222083333333333,3.006525,0.006583759849999999,0.006583759849999999
2018-08-13 00:00:00,17.51666666666667,4.253333333333333,3.0384000000000007,0.006732752108333333,0.006732752108333333
2018-08-13 01:00:00,17.125,4.257999999999999,3.04316,0.0067502715833333326,0.0067502715833333326
2018-08-13 02:00:00,16.675,4.276916666666666,3.062455,0.0068371315166666675,0.0068371315166666675
2018-08-13 03:00:00,16.23333333333333,4.289083333333333,3.0748649999999995,0.006895713791666667,0.006895713791666667
2018-08-13 04:00:00,15.824999999999996,4.279999999999999,3.0656000000000003,0.006850067266666666,0.006850067266666666
2018-08-13 05:00:00,15.541666666666666,4.264916666666667,3.050215,0.006775859758333333,0.006775859758333333
2018-08-13 06:00:00,15.258333333333331,4.28175,3.067385,0.006857680558333333,0.006857680558333333
2018-08-13 07:00:00,15.024999999999999,4.2555000000000005,3.0406100000000005,0.006741171358333333,0.006741171358333333
2018-08-13 08:00:00,15.258333333333333,4.292333333333333,3.0781799999999997,0.006913266850000001,0.006913266850000001
2018-08-13 09:00:00,16.583333333333336,4.235833333333334,3.02055,0.006644289883333334,0.006644289883333334
2018-08-13 10:00:00,18.583333333333332,4.374416666666666,3.1619049999999995,0.007305678516666666,0.007305678516666666
2018-08-13 11:00:00,20.349999999999998,4.347916666666667,3.1348749999999996,0.007174876900000002,0.007174876900000002
2018-08-13 12:00:00,21.78333333333333,4.356166666666666,3.1432900000000004,0.007210811083333333,0.007210811083333333
2018-08-13 13:00:00,23.333333333333332,4.399583333333333,3.1875750000000003,0.007421634449999999,0.007421634449999999
2018-08-13 14:00:00,24.075,4.39725,3.185195,0.007410514116666667,0.007410514116666667
2018-08-13 15:00:00,23.25,4.372,3.15944,0.007286428325000001,0.007286428325000001
2018-08-13 16:00:00,20.316666666666666,4.320916666666666,3.1073350000000004,0.007042685216666666,0.007042685216666666
2018-08-13 17:00:00,18.699999999999996,4.309833333333334,3.0960300000000003,0.006994886558333333,0.006994886558333333
2018-08-13 18:00:00,18.900000000000002,4.321583333333333,3.108015,0.0070472745416666665,0.0070472745416666665
2018-08-13 19:00:00,19.05,4.3181666666666665,3.10453,0.007028978091666668,0.007028978091666668
2018-08-13 20:00:00,18.625000000000004,4.332083333333332,3.118725,0.007107427600000001,0.007107427600000001
2018-08-13 21:00:00,18.066666666666666,4.2835,3.0691699999999997,0.006867822841666667,0.006867822841666667
2018-08-13 22:00:00,18.016666666666666,4.3397499999999996,3.126545,0.007131519700000002,0.007131519700000002
2018-08-13 23:00:00,18.0,4.323999999999999,3.1104800000000004,0.007059346966666668,0.007059346966666668
2018-08-14 00:00:00,17.950000000000003,4.2867500000000005,3.0724850000000004,0.006889390499999999,0.006889390499999999
2018-08-14 01:00:00,17.833333333333336,4.269583333333333,3.0549749999999993,0.006801869758333335,0.006801869758333335
2018-08-14 02:00:00,17.641666666666666,4.353249999999999,3.1403149999999997,0.00719983075,0.00719983075
2018-08-14 03:00:00,17.483333333333334,4.296416666666666,3.0823449999999997,0.006925600258333332,0.006925600258333332
2018-08-14 04:00:00,17.224999999999998,4.322583333333333,3.109035,0.007053490966666666,0.007053490966666666
2018-08-14 05:00:00,17.174999999999997,4.305083333333333,3.0911850000000007,0.006971516291666667,0.006971516291666667
2018-08-14 06:00:00,16.891666666666673,4.352666666666666,3.13972,0.007196574316666666,0.007196574316666666
2018-08-14 07:00:00,17.466666666666665,4.385666666666666,3.17338,0.007355726516666665,0.007355726516666665
2018-08-14 08:00:00,17.208333333333332,4.37325,3.1607149999999997,0.007298708391666668,0.007298708391666668
2018-08-14 09:00:00,16.000000000000004,4.3995,3.187489999999999,0.007429357499999998,0.007429357499999998
2018-08-14 10:00:00,16.291666666666664,4.429250000000001,3.217835000000001,0.007569898141666667,0.007569898141666667
2018-08-14 11:00:00,16.849999999999998,4.4647499999999996,3.254045,0.007749811425,0.007749811425
2018-08-14 12:00:00,17.558333333333334,4.38475,3.172445,0.0073512268916666665,0.0073512268916666665
2018-08-14 13:00:00,18.525,4.381,3.1686199999999993,0.007332646141666666,0.007332646141666666
2018-08-14 14:00:00,19.983333333333334,4.3972500000000005,3.185195,0.007411269666666667,0.007411269666666667
2018-08-14 15:00:00,20.733333333333334,4.387833333333333,3.17559,0.007366239366666667,0.007366239366666667
2018-08-14 16:00:00,20.94166666666667,4.303583333333333,3.0896550000000005,0.0069618839,0.0069618839
2018-08-14 17:00:00,19.88333333333333,4.3109166666666665,3.097135,0.006997743250000001,0.006997743250000001
2018-08-14 18:00:00,17.858333333333334,4.274333333333333,3.0598199999999998,0.006826312274999999,0.006826312274999999
2018-08-14 19:00:00,17.066666666666666,4.280166666666667,3.0657700000000006,0.006852455625,0.006852455625
2018-08-14 20:00:00,16.341666666666665,4.3035,3.0895699999999997,0.006959431808333333,0.006959431808333333
2018-08-14 21:00:00,15.716666666666667,4.2283333333333335,3.0129,0.006606149966666668,0.006606149966666668
2018-08-14 22:00:00,15.358333333333336,4.312333333333334,3.09858,0.007004059908333333,0.007004059908333333
2018-08-14 23:00:00,15.316666666666665,4.205416666666666,2.989525,0.006509454608333334,0.006509454608333334
2018-08-15 00:00:00,15.924999999999999,4.250749999999999,3.035765,0.006713054483333332,0.006713054483333332
2018-08-15 01:00:00,16.174999999999997,4.288916666666666,3.074695,0.006894941666666667,0.006894941666666667
2018-08-15 02:00:00,16.091666666666665,4.259333333333333,3.04452,0.006760382208333335,0.006760382208333335
2018-08-15 03:00:00,16.05833333333333,4.306,3.09212,0.006977123883333333,0.006977123883333333
2018-08-15 04:00:00,16.058333333333334,4.283416666666666,3.0690850000000007,0.006869265558333333,0.006869265558333333
2018-08-15 05:00:00,15.958333333333334,4.279916666666667,3.065515,0.006847998391666666,0.006847998391666666
2018-08-15 06:00:00,15.958333333333336,4.305833333333333,3.09195,0.006980543683333332,0.006980543683333332
2018-08-15 07:00:00,15.79166666666667,4.3213333333333335,3.1077599999999994,0.007046737508333332,0.007046737508333332
2018-08-15 08:00:00,15.783333333333331,4.2835,3.06917,0.006870721116666666,0.006870721116666666
2018-08-15 09:00:00,15.55833333333333,4.417083333333334,3.2054250000000004,0.007510820041666667,0.007510820041666667
2018-08-15 10:00:00,15.858333333333334,4.390750000000001,3.1785650000000003,0.007383143658333333,0.007383143658333333
2018-08-15 11:00:00,16.558333333333334,4.458,3.247159999999999,0.0077141305916666675,0.0077141305916666675
2018-08-15 12:00:00,17.200000000000003,4.412249999999999,3.200495,0.007486815416666666,0.007486815416666666
2018-08-15 13:00:00,16.741666666666664,4.557583333333333,3.348735,0.008224569241666665,0.008224569241666665
2018-08-15 14:00:00,16.891666666666666,4.72775,3.5223049999999994,0.0091263308,0.0091263308
2018-08-15 15:00:00,17.48333333333333,4.745416666666667,3.5403249999999997,0.009218579791666666,0.009218579791666666
2018-08-15 16:00:00,18.091666666666665,4.551583333333333,3.342615,0.008187294858333334,0.008187294858333334
2018-08-15 17:00:00,18.508333333333333,4.505333333333333,3.2954399999999997,0.007953977908333333,0.007953977908333333
2018-08-15 18:00:00,18.491666666666667,4.430750000000001,3.2193650000000003,0.0075756432,0.0075756432
2018-08-15 19:00:00,18.425000000000004,4.469333333333333,3.2587200000000003,0.007775038416666665,0.007775038416666665
2018-08-15 20:00:00,18.025000000000002,4.365833333333335,3.15315,0.007257444900000001,0.007257444900000001
2018-08-15 21:00:00,17.833333333333336,4.371666666666666,3.1591,0.007290949075000001,0.007290949075000001
2018-08-15 22:00:00,17.900000000000002,4.44525,3.2341549999999994,0.007649175641666665,0.007649175641666665
2018-08-15 23:00:00,17.825000000000003,4.368166666666667,3.15553,0.007272035133333333,0.007272035133333333
2018-08-16 00:00:00,17.800000000000004,4.402499999999999,3.19055,0.0074371597,0.0074371597
2018-08-16 01:00:00,17.75833333333333,4.3965000000000005,3.1844299999999994,0.007414867683333333,0.007414867683333333
2018-08-16 02:00:00,17.691666666666663,4.357583333333334,3.1447350000000003,0.007223534883333333,0.007223534883333333
2018-08-16 03:00:00,17.641666666666662,4.3620833333333335,3.1493250000000006,0.007239226399999999,0.007239226399999999
2018-08-16 04:00:00,17.825,4.459333333333333,3.2485200000000005,0.007720377341666667,0.007720377341666667
2018-08-16 05:00:00,17.833333333333336,4.416333333333333,3.20466,0.007514720975,0.007514720975
2018-08-16 06:00:00,17.699999999999996,4.427083333333333,3.2156250000000006,0.007557713158333333,0.007557713158333333
2018-08-16 07:00:00,17.699999999999996,4.3974166666666665,3.1853650000000004,0.007416731158333333,0.007416731158333333
2018-08-16 08:00:00,18.075,4.3905,3.1783099999999997,0.007383644474999999,0.007383644474999999
2018-08-16 09:00:00,18.933333333333334,4.41225,3.200495,0.007483697633333334,0.007483697633333334
2018-08-16 10:00:00,19.933333333333334,4.403666666666666,3.1917400000000007,0.007442027525,0.007442027525
2018-08-16 11:00:00,20.991666666666667,4.4005,3.1885099999999995,0.007428669200000001,0.007428669200000001
2018-08-16 12:00:00,22.024999999999995,4.364,3.1512800000000003,0.007247468574999999,0.007247468574999999
2018-08-16 13:00:00,23.25,4.357166666666667,3.1443099999999995,0.007224079158333335,0.007224079158333335
2018-08-16 14:00:00,23.591666666666665,4.347333333333332,3.1342800000000004,0.007169853516666667,0.007169853516666667
2018-08-16 15:00:00,23.941666666666666,4.353250000000001,3.1403149999999993,0.007195759091666666,0.007195759091666666
2018-08-16 16:00:00,25.3,4.315,3.1013,0.007016991608333333,0.007016991608333333
2018-08-16 17:00:00,23.616666666666664,4.2875,3.0732500000000003,0.006888376800000001,0.006888376800000001
2018-08-16 18:00:00,22.058333333333334,4.198083333333333,2.982045,0.006469509491666667,0.006469509491666667
2018-08-16 19:00:00,20.833333333333332,4.215499999999999,2.99981,0.006552051658333333,0.006552051658333333
2018-08-16 20:00:00,20.058333333333334,4.1739999999999995,2.95748,0.006360431983333334,0.006360431983333334
2018-08-16 21:00:00,19.075,4.150916666666666,2.933935,0.006256612116666668,0.006256612116666668
2018-08-16 22:00:00,18.266666666666662,4.230166666666666,3.01477,0.0066170032500000005,0.0066170032500000005
2018-08-16 23:00:00,17.54166666666667,4.16225,2.9454949999999998,0.006310836008333333,0.006310836008333333
2018-08-17 00:00:00,16.9,4.176916666666666,2.9604549999999996,0.006379698983333334,0.006379698983333334
2018-08-17 01:00:00,16.075000000000003,4.140333333333333,2.92314,0.006211021975000001,0.006211021975000001
2018-08-17 02:00:00,15.491666666666669,4.156333333333333,2.9394600000000004,0.006281044491666668,0.006281044491666668
2018-08-17 03:00:00,15.033333333333333,4.144749999999999,2.9276450000000005,0.006228413116666665,0.006228413116666665
2018-08-17 04:00:00,14.500000000000002,4.2275,3.01205,0.006603731975,0.006603731975
2018-08-17 05:00:00,14.183333333333332,4.132749999999999,2.915405,0.006177758933333334,0.006177758933333334
2018-08-17 06:00:00,14.141666666666664,4.154416666666667,2.9375050000000003,0.006281717133333336,0.006281717133333336
2018-08-17 07:00:00,14.208333333333334,4.143,2.9258599999999997,0.006222681241666667,0.006222681241666667
2018-08-17 08:00:00,14.475000000000001,4.170916666666667,2.954335,0.00634783035,0.00634783035
2018-08-17 09:00:00,15.708333333333334,4.215583333333334,2.9998950000000004,0.0065524899583333344,0.0065524899583333344
2018-08-17 10:00:00,17.624999999999996,4.220250000000001,3.0046549999999996,0.006572014758333335,0.006572014758333335
2018-08-17 11:00:00,19.825000000000003,4.311916666666667,3.098155,0.007006574908333334,0.007006574908333334
2018-08-17 12:00:00,20.708333333333332,4.212083333333333,2.996325,0.006539238858333332,0.006539238858333332
2018-08-17 13:00:00,22.058333333333334,4.316249999999999,3.1025750000000003,0.007018803166666666,0.007018803166666666
2018-08-17 14:00:00,22.308333333333337,4.348666666666667,3.13564,0.007174411708333332,0.007174411708333332
2018-08-17 15:00:00,22.533333333333335,4.26875,3.0541249999999995,0.006793903283333333,0.006793903283333333
2018-08-17 16:00:00,23.466666666666665,4.28725,3.072995,0.006883362766666667,0.006883362766666667
2018-08-17 17:00:00,23.400000000000002,4.269083333333334,3.054465,0.006796028574999999,0.006796028574999999
2018-08-17 18:00:00,23.141666666666666,4.225416666666668,3.0099249999999995,0.0065953553750000005,0.0065953553750000005
2018-08-17 19:00:00,21.850000000000005,4.1836666666666655,2.96734,0.006402862141666667,0.006402862141666667
2018-08-17 20:00:00,20.441666666666666,4.196166666666666,2.98009,0.0064607603,0.0064607603
2018-08-17 21:00:00,19.041666666666668,4.1993333333333345,2.9833200000000004,0.006477169183333335,0.006477169183333335
2018-08-17 22:00:00,17.933333333333334,4.188833333333332,2.97261,0.006429099541666667,0.006429099541666667
2018-08-17 23:00:00,17.316666666666666,4.18225,2.965895,0.0063968620750000016,0.0063968620750000016
2018-08-18 00:00:00,16.849999999999998,4.151916666666667,2.9349550000000004,0.006263113608333333,0.006263113608333333
2018-08-18 01:00:00,16.65833333333333,4.183416666666667,2.9670849999999995,0.0064048477,0.0064048477
2018-08-18 02:00:00,16.5,4.2795,3.0650899999999996,0.006848437391666669,0.006848437391666669
2018-08-18 03:00:00,16.29166666666666,4.29775,3.083705,0.006931746358333332,0.006931746358333332
2018-08-18 04:00:00,16.250000000000004,4.2785,3.0640700000000005,0.006844431058333334,0.006844431058333334
2018-08-18 05:00:00,16.183333333333334,4.179916666666666,2.9635150000000006,0.0063851765,0.0063851765
2018-08-18 06:00:00,16.074999999999996,4.185,2.9687,0.006411635766666667,0.006411635766666667
2018-08-18 07:00:00,16.391666666666666,4.221833333333332,3.00627,0.006586476616666667,0.006586476616666667
2018-08-18 08:00:00,17.016666666666666,4.182666666666667,2.9663199999999996,0.0064016437333333336,0.0064016437333333336
2018-08-18 09:00:00,19.175,4.263916666666667,3.0491949999999997,0.00677767385,0.00677767385
2018-08-18 10:00:00,21.066666666666666,4.2865,3.0722300000000007,0.006884206175000001,0.006884206175000001
2018-08-18 11:00:00,22.3,4.343833333333333,3.13071,0.007152540783333335,0.007152540783333335
2018-08-18 12:00:00,23.583333333333332,4.340166666666667,3.12697,0.007137701341666668,0.007137701341666668
2018-08-18 13:00:00,24.916666666666668,4.397416666666666,3.1853649999999996,0.007410060108333334,0.007410060108333334
2018-08-18 14:00:00,25.516666666666666,4.3020000000000005,3.08804,0.006953173716666668,0.006953173716666668
2018-08-18 15:00:00,25.8,4.259083333333334,3.0442649999999998,0.006752554508333334,0.006752554508333334
2018-08-18 16:00:00,26.758333333333336,4.197416666666666,2.9813650000000003,0.006467807508333334,0.006467807508333334
2018-08-18 17:00:00,25.45,4.13,2.9126000000000007,0.0061629829,0.0061629829
2018-08-18 18:00:00,24.041666666666668,4.100583333333334,2.8825950000000002,0.006033437116666668,0.006033437116666668
2018-08-18 19:00:00,22.983333333333334,4.115083333333334,2.8973850000000003,0.006096707341666667,0.006096707341666667
2018-08-18 20:00:00,22.075,4.15375,2.9368250000000007,0.006270282291666666,0.006270282291666666
2018-08-18 21:00:00,20.708333333333332,4.153583333333334,2.936655,0.006268859391666667,0.006268859391666667
2018-08-18 22:00:00,19.433333333333334,4.198083333333334,2.9820449999999994,0.006470965858333333,0.006470965858333333
2018-08-18 23:00:00,18.808333333333334,4.244083333333333,3.028965000000001,0.006684056341666668,0.006684056341666668
2018-08-19 00:00:00,18.708333333333332,4.2335,3.01817,0.006634320975,0.006634320975
2018-08-19 01:00:00,18.375000000000004,4.237333333333333,3.0220799999999994,0.006650128766666667,0.006650128766666667
2018-08-19 02:00:00,18.15,4.219416666666667,3.003805,0.006569345183333333,0.006569345183333333
2018-08-19 03:00:00,18.741666666666667,4.2715,3.05693,0.006819465425000001,0.006819465425000001
2018-08-19 04:00:00,19.608333333333334,4.332916666666667,3.1195750000000007,0.0071015123583333326,0.0071015123583333326
2018-08-19 05:00:00,19.01666666666667,4.24375,3.028625,0.006680349899999999,0.006680349899999999
2018-08-19 06:00:00,19.53333333333333,4.274583333333333,3.060075,0.006833779858333333,0.006833779858333333
2018-08-19 07:00:00,19.958333333333332,4.262416666666667,3.047665,0.006766409308333333,0.006766409308333333
2018-08-19 08:00:00,20.133333333333333,4.228333333333334,3.0129,0.006606702524999998,0.006606702524999998
2018-08-19 09:00:00,20.866666666666667,4.309,3.0951799999999996,0.006984426458333334,0.006984426458333334
2018-08-19 10:00:00,22.175,4.285916666666667,3.0716350000000006,0.006880296241666667,0.006880296241666667
2018-08-19 11:00:00,23.325000000000003,4.356583333333334,3.1437150000000003,0.0072138708250000004,0.0072138708250000004
2018-08-19 12:00:00,24.399999999999995,4.346,3.13292,0.007163696258333334,0.007163696258333334
2018-08-19 13:00:00,25.45833333333333,4.322333333333332,3.1087800000000008,0.007049682275000001,0.007049682275000001
2018-08-19 14:00:00,25.900000000000002,4.254916666666667,3.0400150000000004,0.006730352525,0.006730352525
2018-08-19 15:00:00,26.066666666666663,4.1775,2.96105,0.0063776408500000005,0.0063776408500000005
2018-08-19 16:00:00,26.616666666666664,4.071083333333333,2.8525049999999994,0.005907142091666667,0.005907142091666667
2018-08-19 17:00:00,25.60833333333333,4.09225,2.874095,0.0059972802583333346,0.0059972802583333346
2018-08-19 18:00:00,24.125,3.9957499999999997,2.775665,0.005581286883333334,0.005581286883333334
2018-08-19 19:00:00,22.974999999999998,4.023333333333334,2.8038000000000003,0.005698095100000001,0.005698095100000001
2018-08-19 20:00:00,22.05,4.08875,2.870525,0.0059805156416666665,0.0059805156416666665
2018-08-19 21:00:00,20.625,4.086083333333333,2.867805,0.005973442933333334,0.005973442933333334
2018-08-19 22:00:00,19.51666666666667,4.1045,2.8865900000000004,0.006052376741666666,0.006052376741666666
2018-08-19 23:00:00,19.675,4.183833333333333,2.9675099999999994,0.006408570391666667,0.006408570391666667
2018-08-20 00:00:00,20.40833333333333,4.202916666666667,2.9869749999999997,0.006492596416666666,0.006492596416666666
2018-08-20 01:00:00,20.641666666666666,4.240583333333333,3.025395,0.006664765608333334,0.006664765608333334
2018-08-20 02:00:00,20.508333333333333,4.210666666666667,2.99488,0.006531122041666667,0.006531122041666667
2018-08-20 03:00:00,20.475,4.210333333333333,2.99454,0.006526702033333334,0.006526702033333334
2018-08-20 04:00:00,20.325000000000003,4.1915000000000004,2.97533,0.006437339633333334,0.006437339633333334
2018-08-20 05:00:00,20.491666666666667,4.21775,3.0021050000000002,0.006560304699999999,0.006560304699999999
2018-08-20 06:00:00,20.483333333333334,4.271333333333334,3.05676,0.006813539350000002,0.006813539350000002
2018-08-20 07:00:00,20.74166666666667,4.220833333333333,3.00525,0.006579784583333332,0.006579784583333332
2018-08-20 08:00:00,21.124999999999996,4.273083333333333,3.058545,0.006819555208333332,0.006819555208333332
2018-08-20 09:00:00,21.95,4.322083333333333,3.1085250000000006,0.007056310916666667,0.007056310916666667
2018-08-20 10:00:00,23.016666666666666,4.292916666666667,3.078775,0.006909588991666667,0.006909588991666667
2018-08-20 11:00:00,24.066666666666666,4.291083333333334,3.076905,0.006899818708333334,0.006899818708333334
2018-08-20 12:00:00,25.066666666666666,4.332333333333334,3.11898,0.007098018833333333,0.007098018833333333
2018-08-20 13:00:00,26.26666666666667,4.259416666666667,3.0446050000000002,0.006751076891666667,0.006751076891666667
2018-08-20 14:00:00,26.61666666666666,4.200083333333333,2.984085,0.006477391900000001,0.006477391900000001
2018-08-20 15:00:00,26.758333333333336,4.068583333333334,2.849955,0.0058944159999999995,0.0058944159999999995
2018-08-20 16:00:00,26.950000000000003,4.013083333333333,2.793345,0.005655823691666667,0.005655823691666667
2018-08-20 17:00:00,26.000000000000004,3.9590833333333326,2.738265,0.005430347541666666,0.005430347541666666
2018-08-20 18:00:00,24.724999999999998,3.8981666666666666,2.6761300000000006,0.005176417691666667,0.005176417691666667
2018-08-20 19:00:00,23.716666666666665,3.9124166666666667,2.6906650000000005,0.005234722791666667,0.005234722791666667
2018-08-20 20:00:00,22.041666666666668,3.9788333333333337,2.75841,0.005509160116666668,0.005509160116666668
2018-08-20 21:00:00,20.45,4.000916666666666,2.780935,0.005603609641666666,0.005603609641666666
2018-08-20 22:00:00,19.491666666666667,4.134666666666667,2.9173600000000004,0.0061852480333333335,0.0061852480333333335
2018-08-20 23:00:00,18.983333333333334,4.132333333333333,2.91498,0.006172675666666666,0.006172675666666666
2018-08-21 00:00:00,18.674999999999997,4.153,2.93606,0.0062665960916666675,0.0062665960916666675
2018-08-21 01:00:00,18.34166666666667,4.171166666666666,2.9545899999999996,0.00634594895,0.00634594895
2018-08-21 02:00:00,17.950000000000006,4.177833333333333,2.9613899999999997,0.006380490725,0.006380490725
2018-08-21 03:00:00,17.875,4.133833333333333,2.91651,0.006182694266666667,0.006182694266666667
2018-08-21 04:00:00,18.74166666666667,4.1455,2.92841,0.006231238591666667,0.006231238591666667
2018-08-21 05:00:00,18.983333333333334,4.1866666666666665,2.9704,0.0064204466249999995,0.0064204466249999995
2018-08-21 06:00:00,20.475,4.217999999999999,3.002360000000001,0.006563518025000002,0.006563518025000002
2018-08-21 07:00:00,21.091666666666665,4.205166666666667,2.98927,0.006505247616666667,0.006505247616666667
2018-08-21 08:00:00,21.50833333333333,4.216583333333333,3.0009150000000004,0.006560084191666667,0.006560084191666667
2018-08-21 09:00:00,22.100000000000005,4.202166666666667,2.9862100000000003,0.0064865747999999996,0.0064865747999999996
2018-08-21 10:00:00,23.291666666666668,4.2535,3.0385699999999995,0.006726053716666666,0.006726053716666666
2018-08-21 11:00:00,24.283333333333335,4.321750000000001,3.108185,0.007046836083333334,0.007046836083333334
2018-08-21 12:00:00,25.54166666666666,4.269416666666667,3.0548049999999995,0.006798041366666668,0.006798041366666668
2018-08-21 13:00:00,26.816666666666666,4.178916666666666,2.9624950000000005,0.0063864127249999994,0.0063864127249999994
2018-08-21 14:00:00,27.149999999999995,4.170083333333333,2.953485,0.006343889783333333,0.006343889783333333
2018-08-21 15:00:00,27.383333333333336,3.9949166666666667,2.7748150000000003,0.005578087783333334,0.005578087783333334
2018-08-21 16:00:00,27.41666666666667,3.942166666666667,2.7210099999999997,0.005359188675,0.005359188675
2018-08-21 17:00:00,26.283333333333335,3.874166666666666,2.6516499999999996,0.005082891208333333,0.005082891208333333
2018-08-21 18:00:00,24.78333333333333,3.833166666666667,2.60983,0.0049157316500000004,0.0049157316500000004
2018-08-21 19:00:00,23.45,3.853916666666667,2.630995,0.004998537325000001,0.004998537325000001
2018-08-21 20:00:00,22.266666666666666,3.8869166666666666,2.664655,0.005135723216666666,0.005135723216666666
2018-08-21 21:00:00,21.95,3.911,2.6892199999999993,0.00522971565,0.00522971565
2018-08-21 22:00:00,20.741666666666667,4.022666666666667,2.8031200000000003,0.005694528991666666,0.005694528991666666
2018-08-21 23:00:00,19.7,4.0145,2.7947900000000003,0.005661044883333334,0.005661044883333334
2018-08-22 00:00:00,19.050000000000004,3.9615833333333335,2.740815,0.00543635085,0.00543635085
2018-08-22 01:00:00,18.508333333333336,4.034,2.8146799999999996,0.005743569974999999,0.005743569974999999
2018-08-22 02:00:00,18.15833333333333,4.049833333333333,2.8308300000000006,0.0058155258583333334,0.0058155258583333334
2018-08-22 03:00:00,18.791666666666668,4.049416666666667,2.8304049999999994,0.0058110631750000015,0.0058110631750000015
2018-08-22 04:00:00,19.458333333333332,4.023833333333333,2.8043100000000005,0.005704089391666667,0.005704089391666667
2018-08-22 05:00:00,19.933333333333334,4.1146666666666665,2.89696,0.006096421208333332,0.006096421208333332
2018-08-22 06:00:00,20.75,4.219666666666666,3.0040599999999995,0.0065696236750000005,0.0065696236750000005
2018-08-22 07:00:00,20.46666666666667,4.219083333333334,3.0034650000000003,0.006568341924999999,0.006568341924999999
2018-08-22 08:00:00,20.483333333333338,4.176416666666666,2.959945,0.006371643150000001,0.006371643150000001
2018-08-22 09:00:00,21.566666666666666,4.246083333333333,3.031005,0.006692431608333333,0.006692431608333333
2018-08-22 10:00:00,23.291666666666668,4.268916666666667,3.054295,0.0067995086083333335,0.0067995086083333335
2018-08-22 11:00:00,24.71666666666667,4.227333333333333,3.01188,0.0066058023000000006,0.0066058023000000006
2018-08-22 12:00:00,26.008333333333336,4.196833333333333,2.98077,0.0064637223666666665,0.0064637223666666665
2018-08-22 13:00:00,27.08333333333333,4.088916666666666,2.870695,0.005983742774999999,0.005983742774999999
2018-08-22 14:00:00,26.391666666666662,4.0175833333333335,2.7979350000000003,0.005673767133333334,0.005673767133333334
2018-08-22 15:00:00,25.316666666666666,3.9204166666666667,2.698825,0.005268697058333334,0.005268697058333334
2018-08-22 16:00:00,23.775000000000002,3.942416666666668,2.7212650000000003,0.0053593428500000005,0.0053593428500000005
2018-08-22 17:00:00,22.21666666666667,3.8976666666666664,2.6756200000000008,0.005175591266666666,0.005175591266666666
2018-08-22 18:00:00,20.650000000000002,3.981833333333333,2.7614699999999996,0.005524512108333334,0.005524512108333334
2018-08-22 19:00:00,18.541666666666668,4.026666666666666,2.8072,0.005714457950000001,0.005714457950000001
2018-08-22 20:00:00,16.966666666666665,4.089416666666668,2.871205,0.005985402599999999,0.005985402599999999
2018-08-22 21:00:00,16.133333333333333,4.1505,2.93351,0.006256767650000001,0.006256767650000001
2018-08-22 22:00:00,16.099999999999994,4.114166666666666,2.8964499999999997,0.006093546325,0.006093546325
2018-08-22 23:00:00,16.316666666666666,4.109416666666667,2.8916049999999998,0.006071292325000001,0.006071292325000001
2018-08-23 00:00:00,16.65,4.138333333333333,2.9210999999999996,0.006198677675,0.006198677675
2018-08-23 01:00:00,16.791666666666668,4.177166666666667,2.96071,0.006377406183333333,0.006377406183333333
2018-08-23 02:00:00,16.791666666666668,4.20825,2.992415,0.006516807658333333,0.006516807658333333
2018-08-23 03:00:00,16.65,4.193916666666667,2.9777950000000004,0.006450718974999999,0.006450718974999999
2018-08-23 04:00:00,16.583333333333332,4.183,2.9666599999999996,0.006406674941666667,0.006406674941666667
2018-08-23 05:00:00,16.599999999999998,4.171,2.9544199999999994,0.0063495617333333325,0.0063495617333333325
2018-08-23 06:00:00,16.683333333333334,4.1594999999999995,2.9426900000000002,0.006295628449999999,0.006295628449999999
2018-08-23 07:00:00,17.025000000000002,4.175666666666667,2.95918,0.006370227975000001,0.006370227975000001
2018-08-23 08:00:00,17.575,4.214,2.99828,0.006545994766666666,0.006545994766666666
2018-08-23 09:00:00,18.358333333333334,4.241499999999999,3.02633,0.006675782666666667,0.006675782666666667
2018-08-23 10:00:00,19.908333333333335,4.288666666666667,3.0744400000000005,0.006890134350000001,0.006890134350000001
2018-08-23 11:00:00,21.916666666666668,4.556333333333332,3.34746,0.0082253286,0.0082253286
2018-08-23 12:00:00,23.34166666666667,4.695583333333334,3.489495,0.008938093874999999,0.008938093874999999
2018-08-23 13:00:00,22.700000000000003,4.68175,3.4753849999999997,0.008863993366666668,0.008863993366666668
2018-08-23 14:00:00,22.266666666666666,4.655333333333332,3.4484399999999997,0.0087227872,0.0087227872
2018-08-23 15:00:00,21.571428571428577,8.24249230224321,7.107342148288075,0.038788588076623394,0.038788588076623394
2018-08-23 16:00:00,,,,,
2018-08-23 17:00:00,,,,,
2018-08-23 18:00:00,,,,,
2018-08-23 19:00:00,,,,,
2018-08-23 20:00:00,,,,,
2018-08-23 21:00:00,,,,,
2018-08-23 22:00:00,,,,,
2018-08-23 23:00:00,,,,,
2018-08-24 00:00:00,,,,,
2018-08-24 01:00:00,,,,,
2018-08-24 02:00:00,,,,,
2018-08-24 03:00:00,,,,,
2018-08-24 04:00:00,,,,,
2018-08-24 05:00:00,,,,,
2018-08-24 06:00:00,,,,,
2018-08-24 07:00:00,,,,,
2018-08-24 08:00:00,,,,,
2018-08-24 09:00:00,,,,,
2018-08-24 10:00:00,,,,,
2018-08-24 11:00:00,,,,,
2018-08-24 12:00:00,,,,,
2018-08-24 13:00:00,,,,,
2018-08-24 14:00:00,,,,,
2018-08-24 15:00:00,,,,,
2018-08-24 16:00:00,,,,,
2018-08-24 17:00:00,,,,,
2018-08-24 18:00:00,,,,,
2018-08-24 19:00:00,,,,,
2018-08-24 20:00:00,,,,,
2018-08-24 21:00:00,,,,,
2018-08-24 22:00:00,,,,,
2018-08-24 23:00:00,,,,,
2018-08-25 00:00:00,,,,,
2018-08-25 01:00:00,,,,,
2018-08-25 02:00:00,,,,,
2018-08-25 03:00:00,,,,,
2018-08-25 04:00:00,,,,,
2018-08-25 05:00:00,,,,,
2018-08-25 06:00:00,,,,,
2018-08-25 07:00:00,,,,,
2018-08-25 08:00:00,,,,,
2018-08-25 09:00:00,,,,,
2018-08-25 10:00:00,,,,,
2018-08-25 11:00:00,,,,,
2018-08-25 12:00:00,,,,,
2018-08-25 13:00:00,,,,,
2018-08-25 14:00:00,,,,,
2018-08-25 15:00:00,,,,,
2018-08-25 16:00:00,,,,,
2018-08-25 17:00:00,,,,,
2018-08-25 18:00:00,,,,,
2018-08-25 19:00:00,,,,,
2018-08-25 20:00:00,,,,,
2018-08-25 21:00:00,,,,,
2018-08-25 22:00:00,,,,,
2018-08-25 23:00:00,,,,,
2018-08-26 00:00:00,,,,,
2018-08-26 01:00:00,,,,,
2018-08-26 02:00:00,,,,,
2018-08-26 03:00:00,,,,,
2018-08-26 04:00:00,,,,,
2018-08-26 05:00:00,,,,,
2018-08-26 06:00:00,,,,,
2018-08-26 07:00:00,,,,,
2018-08-26 08:00:00,,,,,
2018-08-26 09:00:00,,,,,
2018-08-26 10:00:00,,,,,
2018-08-26 11:00:00,,,,,
2018-08-26 12:00:00,,,,,
2018-08-26 13:00:00,,8.266666666666666,7.131999999999999,0.038972926,0.038972926
2018-08-26 14:00:00,,8.275999999999998,7.141520000000001,0.039080271075000006,0.039080271075000006
2018-08-26 15:00:00,,8.287999999999998,7.153760000000001,0.039218259633333336,0.039218259633333336
2018-08-26 16:00:00,,8.269333333333334,7.134719999999999,0.03900353235,0.03900353235
2018-08-26 17:00:00,,8.24933333333333,7.114319999999998,0.038774170350000005,0.038774170350000005
2018-08-26 18:00:00,,8.224000000000002,7.088480000000001,0.038484672275,0.038484672275
2018-08-26 19:00:00,,8.208,7.072159999999998,0.038302259299999995,0.038302259299999995
2018-08-26 20:00:00,,8.208,7.072159999999998,0.038302259299999995,0.038302259299999995
2018-08-26 21:00:00,,8.208,7.072159999999998,0.038302259299999995,0.038302259299999995
2018-08-26 22:00:00,,8.209333333333333,7.0735199999999985,0.0383174511,0.0383174511
2018-08-26 23:00:00,,8.208,7.072159999999998,0.038302259299999995,0.038302259299999995
2018-08-27 00:00:00,,8.209333333333333,7.0735199999999985,0.0383174511,0.0383174511
2018-08-27 01:00:00,,8.21866666666667,7.083040000000003,0.03842379370000001,0.03842379370000001
2018-08-27 02:00:00,,8.224000000000002,7.088480000000003,0.038484560900000006,0.038484560900000006
2018-08-27 03:00:00,,8.224000000000002,7.088480000000003,0.038484560900000006,0.038484560900000006
2018-08-27 04:00:00,,8.225333333333335,7.089840000000002,0.038499789825000005,0.038499789825000005
2018-08-27 05:00:00,,8.224000000000002,7.088480000000003,0.038484560900000006,0.038484560900000006
2018-08-27 06:00:00,,8.224000000000002,7.088480000000003,0.038484560900000006,0.038484560900000006
2018-08-27 07:00:00,,8.224000000000002,7.088480000000003,0.038484560900000006,0.038484560900000006
2018-08-27 08:00:00,,8.235999999999999,7.100719999999999,0.03862162122500001,0.03862162122500001
2018-08-27 09:00:00,,8.242666666666667,7.10752,0.038697877225,0.038697877225
2018-08-27 10:00:00,,8.256,7.12112,0.0388505006,0.0388505006
2018-08-27 11:00:00,,8.264000000000001,7.129279999999999,0.03894231965,0.03894231965
2018-08-27 12:00:00,,8.28,7.145600000000001,0.039126180600000005,0.039126180600000005
2018-08-27 13:00:00,,8.297333333333334,7.16328,0.03932586464999999,0.03932586464999999
2018-08-27 14:00:00,,8.309333333333333,7.1755200000000015,0.03946444749166666,0.03946444749166666
2018-08-27 15:00:00,,8.306666666666667,7.1728,0.03943358111666666,0.03943358111666666
2018-08-27 16:00:00,,8.298666666666668,7.164640000000001,0.0393412421,0.0393412421
2018-08-27 17:00:00,,8.284,7.14968,0.03917220155,0.03917220155
2018-08-27 18:00:00,,8.269333333333334,7.134720000000001,0.03900353235,0.03900353235
2018-08-27 19:00:00,,8.248,7.112959999999998,0.0387589043,0.0387589043
2018-08-27 20:00:00,,8.238666666666665,7.103439999999999,0.038652079075000005,0.038652079075000005
2018-08-27 21:00:00,,8.237333333333332,7.102079999999998,0.038636850150000006,0.038636850150000006
2018-08-27 22:00:00,,8.239999999999998,7.104799999999998,0.038667308000000004,0.038667308000000004
2018-08-27 23:00:00,,8.239999999999998,7.104799999999998,0.038667308000000004,0.038667308000000004
2018-08-28 00:00:00,,8.239999999999998,7.104799999999998,0.038667308000000004,0.038667308000000004
2018-08-28 01:00:00,,8.239999999999998,7.104799999999998,0.038667308000000004,0.038667308000000004
2018-08-28 02:00:00,,8.236,7.10072,0.03862162122500001,0.03862162122500001
2018-08-28 03:00:00,,8.224000000000002,7.088480000000003,0.038484560900000006,0.038484560900000006
2018-08-28 04:00:00,,8.225333333333335,7.089840000000002,0.038499789825000005,0.038499789825000005
2018-08-28 05:00:00,,8.234666666666667,7.09936,0.03860639230000001,0.03860639230000001
2018-08-28 06:00:00,,8.226666666666668,7.0912000000000015,0.038515018750000005,0.038515018750000005
2018-08-28 07:00:00,,8.224000000000002,7.088480000000003,0.038484560900000006,0.038484560900000006
2018-08-28 08:00:00,,8.232,7.09664,0.03857593445,0.03857593445
2018-08-28 09:00:00,,8.249333333333334,7.11432,0.038774170350000005,0.038774170350000005
2018-08-28 10:00:00,,8.265333333333336,7.130639999999999,0.038957622824999996,0.038957622824999996
2018-08-28 11:00:00,,8.278666666666668,7.14424,0.03911084028333334,0.03911084028333334
2018-08-28 12:00:00,,8.290666666666665,7.156480000000001,0.0392489774,0.0392489774
2018-08-28 13:00:00,,8.309333333333333,7.1755200000000015,0.03946444749166666,0.03946444749166666
2018-08-28 14:00:00,,8.32,7.186400000000002,0.039587838624999996,0.039587838624999996
2018-08-28 15:00:00,,8.316,7.18232,0.03954148337499999,0.03954148337499999
2018-08-28 16:00:00,,8.302666666666667,7.16872,0.03938737444999999,0.03938737444999999
2018-08-28 17:00:00,,8.287999999999998,7.153760000000002,0.039218222500000004,0.039218222500000004
2018-08-28 18:00:00,,8.273333333333335,7.138799999999999,0.039049479016666666,0.039049479016666666
2018-08-28 19:00:00,,8.257333333333333,7.12248,0.038865803775000006,0.038865803775000006
2018-08-28 20:00:00,,8.245333333333333,7.110239999999998,0.03872837220000001,0.03872837220000001
2018-08-28 21:00:00,,8.228000000000003,7.092560000000002,0.03853024767500001,0.03853024767500001
2018-08-28 22:00:00,,8.210666666666667,7.074879999999998,0.03833264289999999,0.03833264289999999
2018-08-28 23:00:00,,8.208,7.072159999999998,0.038302259299999995,0.038302259299999995
2018-08-29 00:00:00,,8.208,7.072159999999998,0.038302259299999995,0.038302259299999995
2018-08-29 01:00:00,,8.212,7.076239999999999,0.03834783470000001,0.03834783470000001
2018-08-29 02:00:00,,8.216000000000001,7.08032,0.03839341010000001,0.03839341010000001
2018-08-29 03:00:00,,8.217333333333334,7.081680000000001,0.038408601900000006,0.038408601900000006
2018-08-29 04:00:00,,8.212,7.0762399999999985,0.03834783469999999,0.03834783469999999
2018-08-29 05:00:00,,8.208,7.072159999999998,0.038302259299999995,0.038302259299999995
2018-08-29 06:00:00,,8.208,7.072159999999998,0.038302259299999995,0.038302259299999995
2018-08-29 07:00:00,,8.222666666666669,7.087120000000002,0.038469369100000005,0.038469369100000005
2018-08-29 08:00:00,,8.224000000000002,7.088480000000003,0.038484560900000006,0.038484560900000006
2018-08-29 09:00:00,,8.237333333333332,7.102079999999998,0.038636850150000006,0.038636850150000006
2018-08-29 10:00:00,,8.254666666666667,7.119759999999999,0.038835271675,0.038835271675
2018-08-29 11:00:00,,8.269333333333334,7.134719999999999,0.03900353235,0.03900353235
2018-08-29 12:00:00,,8.292,7.15784,0.03926439198333333,0.03926439198333333
2018-08-29 13:00:00,,8.310666666666664,7.1768800000000015,0.03947986209999999,0.03947986209999999
2018-08-29 14:00:00,,8.330666666666668,7.197279999999999,0.03971141551666666,0.03971141551666666
2018-08-29 15:00:00,,8.326666666666666,7.193200000000001,0.03966498594999999,0.03966498594999999
2018-08-29 16:00:00,,8.317333333333332,7.18368,0.039556897983333325,0.039556897983333325
2018-08-29 17:00:00,,8.296,7.161920000000001,0.0393104872,0.0393104872
2018-08-29 18:00:00,,8.274666666666668,7.140159999999999,0.03906481933333333,0.03906481933333333
2018-08-29 19:00:00,,8.264000000000001,7.1292800000000005,0.03894231965,0.03894231965
2018-08-29 20:00:00,,8.254666666666667,7.119759999999999,0.03883523455,0.03883523455
2018-08-29 21:00:00,,8.241333333333332,7.106159999999999,0.03868257405000001,0.03868257405000001
2018-08-29 22:00:00,,8.225333333333335,7.089840000000002,0.038499789825000005,0.038499789825000005
2018-08-29 23:00:00,,8.222666666666669,7.087120000000002,0.038469369100000005,0.038469369100000005
2018-08-30 00:00:00,,8.210666666666667,7.074879999999998,0.03833264289999999,0.03833264289999999
2018-08-30 01:00:00,,8.208,7.072159999999998,0.038302259299999995,0.038302259299999995
2018-08-30 02:00:00,,8.208,7.072159999999998,0.038302259299999995,0.038302259299999995
2018-08-30 03:00:00,,8.208,7.072159999999998,0.038302259299999995,0.038302259299999995
2018-08-30 04:00:00,,8.209333333333332,7.0735199999999985,0.03831745109999999,0.03831745109999999
2018-08-30 05:00:00,,8.208,7.072159999999998,0.038302259299999995,0.038302259299999995
2018-08-30 06:00:00,,8.208,7.072159999999998,0.038302259299999995,0.038302259299999995
2018-08-30 07:00:00,,8.208,7.072159999999998,0.038302259299999995,0.038302259299999995
2018-08-30 08:00:00,,8.212000000000002,7.076239999999999,0.03834783470000001,0.03834783470000001
2018-08-30 09:00:00,,8.221333333333336,7.085760000000001,0.03845417730000001,0.03845417730000001
2018-08-30 10:00:00,,8.224000000000002,7.088480000000003,0.038484560900000006,0.038484560900000006
2018-08-30 11:00:00,,8.236,7.100719999999999,0.03862162122500001,0.03862162122500001
2018-08-30 12:00:00,,8.245333333333333,7.11024,0.03872837220000001,0.03872837220000001
2018-08-30 13:00:00,,8.273333333333332,7.138800000000001,0.039049627583333336,0.039049627583333336
2018-08-30 14:00:00,,8.293333333333331,7.159200000000001,0.0392797323,0.0392797323
2018-08-30 15:00:00,,8.301333333333334,7.1673599999999995,0.03937199699999999,0.03937199699999999
2018-08-30 16:00:00,,8.290666666666665,7.156480000000002,0.0392489774,0.0392489774
2018-08-30 17:00:00,,8.287999999999998,7.153760000000002,0.039218222500000004,0.039218222500000004
2018-08-30 18:00:00,,8.273333333333335,7.138799999999999,0.039049479016666666,0.039049479016666666
2018-08-30 19:00:00,,8.262666666666666,7.1279200000000005,0.038927016475,0.038927016475
2018-08-30 20:00:00,,8.250666666666666,7.1156799999999985,0.0387894364,0.0387894364
2018-08-30 21:00:00,,8.23066666666667,7.095280000000002,0.03856070552500001,0.03856070552500001
2018-08-30 22:00:00,,8.214666666666666,7.078959999999999,0.03837821829999999,0.03837821829999999
2018-08-30 23:00:00,,8.208,7.072159999999998,0.038302259299999995,0.038302259299999995
2018-08-31 00:00:00,,8.208,7.072159999999998,0.038302259299999995,0.038302259299999995
2018-08-31 01:00:00,,8.208,7.072159999999998,0.038302259299999995,0.038302259299999995
2018-08-31 02:00:00,,8.208,7.072159999999998,0.038302259299999995,0.038302259299999995
2018-08-31 03:00:00,,8.210666666666667,7.074879999999999,0.0383326429,0.0383326429
2018-08-31 04:00:00,,8.210666666666667,7.074879999999999,0.0383326429,0.0383326429
2018-08-31 05:00:00,,8.208,7.072159999999998,0.038302259299999995,0.038302259299999995
2018-08-31 06:00:00,,8.208,7.072159999999998,0.038302259299999995,0.038302259299999995
2018-08-31 07:00:00,,8.214666666666668,7.078960000000001,0.03837821830000001,0.03837821830000001
2018-08-31 08:00:00,,8.228,7.0925600000000015,0.038530247675000004,0.038530247675000004
2018-08-31 09:00:00,,8.24,7.1048,0.03866734512500001,0.03866734512500001
2018-08-31 10:00:00,,8.241333333333332,7.106159999999999,0.03868257405000001,0.03868257405000001
2018-08-31 11:00:00,,8.250666666666666,7.11568,0.0387894364,0.0387894364
2018-08-31 12:00:00,,8.186666666666666,7.0504,0.03808564328333334,0.03808564328333334
2018-08-31 13:00:00,,8.094666666666667,6.95656,0.037101305891666665,0.037101305891666665
2018-08-31 14:00:00,,7.636,6.488720000000001,0.03208184005,0.03208184005
2018-08-31 15:00:00,,7.626666666666665,6.479199999999999,0.03199155106666667,0.03199155106666667
2018-08-31 16:00:00,,7.526666666666665,6.377200000000001,0.03095448118333333,0.03095448118333333
2018-08-31 17:00:00,,7.618666666666667,6.4710399999999995,0.03190784139166667,0.03190784139166667
2018-08-31 18:00:00,,7.869333333333333,6.72672,0.03455916804166667,0.03455916804166667
2018-08-31 19:00:00,,7.952000000000001,6.811039999999999,0.035446000033333334,0.035446000033333334
2018-08-31 20:00:00,,7.914666666666668,6.77296,0.035039165166666664,0.035039165166666664
2018-08-31 21:00:00,,7.801333333333335,6.65736,0.03382163855,0.03382163855
2018-08-31 22:00:00,,7.152,5.99504,0.0273434285,0.0273434285
2018-08-31 23:00:00,,6.730666666666667,5.5652800000000004,0.023389654674999996,0.023389654674999996
2018-09-01 00:00:00,,6.841333333333335,5.678159999999999,0.024412942766666668,0.024412942766666668
2018-09-01 01:00:00,,7.234666666666667,6.079360000000001,0.028065897791666666,0.028065897791666666
2018-09-01 02:00:00,,7.345333333333332,6.192240000000001,0.029190737800000005,0.029190737800000005
2018-09-01 03:00:00,,7.858666666666665,6.715840000000001,0.03443294773333334,0.03443294773333334
2018-09-01 04:00:00,,7.8693333333333335,6.726719999999998,0.03454795946666666,0.03454795946666666
2018-09-01 05:00:00,,7.885333333333333,6.743039999999998,0.03472103223333333,0.03472103223333333
2018-09-01 06:00:00,,7.902666666666665,6.760719999999999,0.03490862951666667,0.03490862951666667
2018-09-01 07:00:00,,7.903999999999997,6.762079999999998,0.03492308,0.03492308
2018-09-01 08:00:00,,7.903999999999997,6.762079999999998,0.03492308,0.03492308
2018-09-01 09:00:00,,7.903999999999997,6.762079999999998,0.03492308,0.03492308
2018-09-01 10:00:00,,7.903999999999997,6.762079999999998,0.03492308,0.03492308
2018-09-01 11:00:00,,7.903999999999997,6.762079999999998,0.03492308,0.03492308
2018-09-01 12:00:00,,7.903999999999997,6.762079999999998,0.03492308,0.03492308
2018-09-01 13:00:00,,7.903999999999997,6.762079999999998,0.03492308,0.03492308
2018-09-01 14:00:00,,7.903999999999997,6.762079999999998,0.03492308,0.03492308
2018-09-01 15:00:00,,7.903999999999997,6.762079999999998,0.03492308,0.03492308
2018-09-01 16:00:00,,7.903999999999997,6.762079999999998,0.03492308,0.03492308
2018-09-01 17:00:00,,7.903999999999997,6.762079999999998,0.03492308,0.03492308
2018-09-01 18:00:00,,7.903999999999997,6.762079999999998,0.03492308,0.03492308
2018-09-01 19:00:00,,7.902666666666665,6.760719999999999,0.03490862951666667,0.03490862951666667
2018-09-01 20:00:00,,7.903999999999997,6.762079999999998,0.03492308,0.03492308
2018-09-01 21:00:00,,7.903999999999997,6.762079999999998,0.03492308,0.03492308
2018-09-01 22:00:00,,7.903999999999997,6.762079999999998,0.03492308,0.03492308
2018-09-01 23:00:00,,7.903999999999997,6.762079999999998,0.03492308,0.03492308
2018-09-02 00:00:00,,7.903999999999997,6.762079999999998,0.03492308,0.03492308
2018-09-02 01:00:00,,7.903999999999997,6.762079999999998,0.03492308,0.03492308
2018-09-02 02:00:00,,7.903999999999997,6.762079999999998,0.03492308,0.03492308
2018-09-02 03:00:00,,7.903999999999997,6.762079999999998,0.03492308,0.03492308
2018-09-02 04:00:00,,7.903999999999997,6.762079999999998,0.03492308,0.03492308
2018-09-02 05:00:00,,7.903999999999997,6.762079999999998,0.03492308,0.03492308
2018-09-02 06:00:00,,7.903999999999997,6.762079999999998,0.03492308,0.03492308
2018-09-02 07:00:00,,7.903999999999997,6.762079999999998,0.03492308,0.03492308
2018-09-02 08:00:00,,7.903999999999997,6.762079999999998,0.03492308,0.03492308
2018-09-02 09:00:00,,7.903999999999997,6.762079999999998,0.03492308,0.03492308
2018-09-02 10:00:00,,7.903999999999997,6.762079999999998,0.03492308,0.03492308
2018-09-02 11:00:00,,7.903999999999997,6.762079999999998,0.03492308,0.03492308
2018-09-02 12:00:00,,7.903999999999997,6.762079999999998,0.03492308,0.03492308
2018-09-02 13:00:00,,7.903999999999997,6.762079999999998,0.03492308,0.03492308
2018-09-02 14:00:00,,7.903999999999997,6.762079999999998,0.03492308,0.03492308
2018-09-02 15:00:00,,7.903999999999997,6.762079999999998,0.03492308,0.03492308
2018-09-02 16:00:00,,7.903999999999997,6.762079999999998,0.03492308,0.03492308
2018-09-02 17:00:00,,7.903999999999997,6.762079999999998,0.03492308,0.03492308
2018-09-02 18:00:00,,7.902666666666665,6.760719999999999,0.03490862951666667,0.03490862951666667
2018-09-02 19:00:00,,7.902666666666665,6.760719999999999,0.034908629516666664,0.034908629516666664
2018-09-02 20:00:00,,7.902666666666665,6.760719999999999,0.034908629516666664,0.034908629516666664
2018-09-02 21:00:00,,7.901333333333333,6.759359999999998,0.034894179033333333,0.034894179033333333
2018-09-02 22:00:00,,7.901333333333333,6.75936,0.034894179033333333,0.034894179033333333
2018-09-02 23:00:00,,7.902666666666665,6.760719999999999,0.034908629516666664,0.034908629516666664
2018-09-03 00:00:00,,7.901333333333333,6.75936,0.034894179033333333,0.034894179033333333
2018-09-03 01:00:00,,7.902666666666665,6.760719999999999,0.03490862951666667,0.03490862951666667
2018-09-03 02:00:00,,7.899999999999999,6.758,0.034879728549999996,0.034879728549999996
2018-09-03 03:00:00,,7.901333333333333,6.759359999999998,0.034894179033333333,0.034894179033333333
2018-09-03 04:00:00,,7.898666666666666,6.75664,0.034865278066666665,0.034865278066666665
2018-09-03 05:00:00,,7.895999999999998,6.75392,0.0348363771,0.0348363771
2018-09-03 06:00:00,,7.899999999999999,6.757999999999999,0.034879728549999996,0.034879728549999996
2018-09-03 07:00:00,,7.894666666666666,6.75256,0.034821926616666665,0.034821926616666665
2018-09-03 08:00:00,,7.897333333333332,6.75528,0.03485082758333333,0.03485082758333333
2018-09-03 09:00:00,,7.898666666666666,6.75664,0.034865278066666665,0.034865278066666665
2018-09-03 10:00:00,,7.8999999999999995,6.757999999999999,0.034879728549999996,0.034879728549999996
2018-09-03 11:00:00,,7.901333333333333,6.75936,0.034894179033333333,0.034894179033333333
2018-09-03 12:00:00,,7.899999999999999,6.757999999999999,0.034879728549999996,0.034879728549999996
2018-09-03 13:00:00,,7.897333333333333,6.75528,0.03485082758333333,0.03485082758333333
2018-09-03 14:00:00,,7.8986666666666645,6.75664,0.034865278066666665,0.034865278066666665
2018-09-03 15:00:00,,7.898666666666666,6.75664,0.034865278066666665,0.034865278066666665
2018-09-03 16:00:00,,7.897333333333332,6.755279999999999,0.03485082758333333,0.03485082758333333
2018-09-03 17:00:00,,7.901333333333333,6.75936,0.034894179033333333,0.034894179033333333
2018-09-03 18:00:00,,7.899999999999999,6.757999999999999,0.034879728549999996,0.034879728549999996
2018-09-03 19:00:00,,7.8986666666666645,6.75664,0.034865278066666665,0.034865278066666665
2018-09-03 20:00:00,,7.894666666666667,6.75256,0.03482192661666666,0.03482192661666666
2018-09-03 21:00:00,,7.8933333333333335,6.751200000000002,0.03480747613333332,0.03480747613333332
2018-09-03 22:00:00,,7.892000000000002,6.7498400000000025,0.034793025649999997,0.034793025649999997
2018-09-03 23:00:00,,7.889333333333334,6.7471200000000024,0.03476412468333332,0.03476412468333332
2018-09-04 00:00:00,,7.8919999999999995,6.749840000000002,0.034793025649999997,0.034793025649999997
2018-09-04 01:00:00,,7.894666666666667,6.752560000000002,0.03482192661666666,0.03482192661666666
2018-09-04 02:00:00,,7.889333333333334,6.7471200000000024,0.03476412468333332,0.03476412468333332
2018-09-04 03:00:00,,7.892,6.749840000000002,0.034793025649999997,0.034793025649999997
2018-09-04 04:00:00,,7.892,6.7498400000000025,0.03479302564999998,0.03479302564999998
2018-09-04 05:00:00,,7.888000000000001,6.745760000000003,0.03474967419999999,0.03474967419999999
2018-09-04 06:00:00,,7.892,6.749840000000002,0.034793025649999997,0.034793025649999997
2018-09-04 07:00:00,,7.888000000000001,6.745760000000003,0.03474967419999999,0.03474967419999999
2018-09-04 08:00:00,,7.890666666666667,6.748480000000002,0.03477857516666666,0.03477857516666666
2018-09-04 09:00:00,,7.893333333333332,6.751200000000001,0.03480747613333333,0.03480747613333333
2018-09-04 10:00:00,,10.052000000000001,8.95304,0.06263695066666666,0.06263695066666666
2018-09-04 11:00:00,,10.662666666666665,9.57592,0.07152026164999999,0.07152026164999999
2018-09-04 12:00:00,,10.598666666666666,9.51064,0.070542823675,0.070542823675
2018-09-04 13:00:00,,10.534666666666666,9.445359999999999,0.06952092265,0.06952092265
2018-09-04 14:00:00,,10.205333333333334,9.10944,0.06478256006666666,0.06478256006666666
2018-09-04 15:00:00,,10.158666666666667,9.061840000000002,0.06382863477499999,0.06382863477499999
2018-09-04 16:00:00,,10.201333333333332,9.10536,0.06446144841666666,0.06446144841666666
2018-09-04 17:00:00,,10.345333333333334,9.252239999999999,0.06662775075833334,0.06662775075833334
2018-09-04 18:00:00,,10.470666666666666,9.38008,0.06853264335833333,0.06853264335833333
2018-09-04 19:00:00,,10.52933333333333,9.439919999999999,0.06943559843333331,0.06943559843333331
2018-09-04 20:00:00,,10.543999999999999,9.454880000000001,0.0696624133,0.0696624133
2018-09-04 21:00:00,,10.543999999999999,9.454880000000001,0.0696624133,0.0696624133
2018-09-04 22:00:00,,10.538666666666664,9.449440000000001,0.06957992143333333,0.06957992143333333
2018-09-04 23:00:00,,10.535999999999996,9.44672,0.0695386755,0.0695386755
2018-09-05 00:00:00,,10.52533333333333,9.43584,0.06937376729999999,0.06937376729999999
2018-09-05 01:00:00,,10.508,9.418159999999999,0.06910627295,0.06910627295
2018-09-05 02:00:00,,10.490666666666666,9.40048,0.06883930716666666,0.06883930716666666
2018-09-05 03:00:00,,10.476,9.38552,0.06861381387499998,0.06861381387499998
2018-09-05 04:00:00,,10.457333333333336,9.366480000000001,0.06832739548333332,0.06832739548333332
2018-09-05 05:00:00,,10.438666666666668,9.347439999999997,0.06804158110833335,0.06804158110833335
2018-09-05 06:00:00,,10.421333333333331,9.32976,0.06777672923333333,0.06777672923333333
2018-09-05 07:00:00,,10.400000000000002,9.307999999999998,0.06745144280000001,0.06745144280000001
2018-09-05 08:00:00,,10.390666666666666,9.29848,0.06730946010833333,0.06730946010833333
2018-09-05 09:00:00,,10.136000000000003,9.038720000000001,0.06349885945833335,0.06349885945833335
2018-09-05 10:00:00,,10.170666666666667,9.07408,0.06400601906666666,0.06400601906666666
2018-09-05 11:00:00,,10.189333333333336,9.09312,0.06428308458333333,0.06428308458333333
2018-09-05 12:00:00,,10.232000000000001,9.136639999999998,0.0649185735,0.0649185735
2018-09-05 13:00:00,,10.286666666666667,9.192400000000001,0.06573732604166665,0.06573732604166665
2018-09-05 14:00:00,,10.334666666666667,9.24136,0.06646077075833333,0.06646077075833333
2018-09-05 15:00:00,,10.321333333333333,9.227760000000002,0.06625922100000001,0.06625922100000001
2018-09-05 16:00:00,,10.345333333333334,9.252239999999999,0.06662175410833333,0.06662175410833333
2018-09-05 17:00:00,,10.352000000000002,9.259039999999999,0.06672260440000001,0.06672260440000001
2018-09-05 18:00:00,,10.348,9.25496,0.06666209422500001,0.06666209422500001
2018-09-05 19:00:00,,10.331999999999999,9.23864,0.06642016665,0.06642016665
2018-09-05 20:00:00,,10.314666666666668,9.220960000000002,0.06615859696666666,0.06615859696666666
2018-09-05 21:00:00,,10.297333333333333,9.20328,0.06589755523333335,0.06589755523333335
2018-09-05 22:00:00,,10.286666666666665,9.1924,0.06573713748333335,0.06573713748333335
2018-09-05 23:00:00,,10.272000000000002,9.17744,0.06551692610000001,0.06551692610000001
2018-09-06 00:00:00,,10.268,9.17336,0.06545698152500001,0.06545698152500001
2018-09-06 01:00:00,,10.255999999999998,9.161119999999999,0.06527714780000002,0.06527714780000002
2018-09-06 02:00:00,,10.250666666666666,9.15568,0.0651973725,0.0651973725
2018-09-06 03:00:00,,10.239999999999998,9.144800000000002,0.06503782189999999,0.06503782189999999
2018-09-06 04:00:00,,10.228000000000002,9.132559999999998,0.06485866662499999,0.06485866662499999
2018-09-06 05:00:00,,10.224000000000002,9.128479999999998,0.0647989482,0.0647989482
2018-09-06 06:00:00,,10.224000000000002,9.128479999999998,0.0647989482,0.0647989482
2018-09-06 07:00:00,,10.213333333333333,9.117600000000001,0.06464000066666668,0.06464000066666668
2018-09-06 08:00:00,,10.208,9.112160000000001,0.06456052690000001,0.06456052690000001
2018-09-06 09:00:00,,9.489333333333333,8.37912,0.055223637800000024,0.055223637800000024
2018-09-06 10:00:00,,7.966666666666668,6.8260000000000005,0.03561554404166666,0.03561554404166666
2018-09-06 11:00:00,,7.908,6.766159999999999,0.034975350733333334,0.034975350733333334
2018-09-06 12:00:00,,7.7186666666666675,6.573040000000002,0.03299869384999999,0.03299869384999999
2018-09-06 13:00:00,,7.902666666666665,6.760719999999999,0.034908629516666664,0.034908629516666664
2018-09-06 14:00:00,,7.903999999999997,6.762079999999998,0.03492308,0.03492308
2018-09-06 15:00:00,,7.903999999999997,6.762079999999998,0.03492308,0.03492308
2018-09-06 16:00:00,,7.901333333333333,6.75936,0.034894179033333333,0.034894179033333333
2018-09-06 17:00:00,,7.901333333333333,6.759359999999998,0.034894179033333333,0.034894179033333333
2018-09-06 18:00:00,,7.902666666666665,6.760719999999999,0.034908629516666664,0.034908629516666664
2018-09-06 19:00:00,,7.897333333333333,6.755280000000002,0.03485082758333333,0.03485082758333333
2018-09-06 20:00:00,,7.8933333333333335,6.751200000000001,0.03480747613333333,0.03480747613333333
2018-09-06 21:00:00,,7.895999999999998,6.75392,0.03483637709999999,0.03483637709999999
2018-09-06 22:00:00,,7.894666666666667,6.752560000000002,0.03482192661666666,0.03482192661666666
2018-09-06 23:00:00,,7.8986666666666645,6.75664,0.034865278066666665,0.034865278066666665
2018-09-07 00:00:00,,7.896000000000001,6.753920000000001,0.03483637709999999,0.03483637709999999
2018-09-07 01:00:00,,7.894666666666667,6.752560000000002,0.03482192661666666,0.03482192661666666
2018-09-07 02:00:00,,7.897333333333332,6.75528,0.03485082758333333,0.03485082758333333
2018-09-07 03:00:00,,7.894666666666666,6.75256,0.034821926616666665,0.034821926616666665
2018-09-07 04:00:00,,7.896,6.753920000000001,0.03483637709999999,0.03483637709999999
2018-09-07 05:00:00,,7.889333333333333,6.7471200000000024,0.03476412468333332,0.03476412468333332
2018-09-07 06:00:00,,7.8933333333333335,6.751200000000001,0.03480747613333333,0.03480747613333333
2018-09-07 07:00:00,,7.892,6.749840000000002,0.034793025649999997,0.034793025649999997
2018-09-07 08:00:00,,7.893333333333332,6.751200000000001,0.03480747613333333,0.03480747613333333
2018-09-07 09:00:00,,7.897333333333333,6.75528,0.03485082758333333,0.03485082758333333
2018-09-07 10:00:00,,7.898666666666666,6.75664,0.034865278066666665,0.034865278066666665
2018-09-07 11:00:00,,7.899999999999999,6.758,0.034879728549999996,0.034879728549999996
2018-09-07 12:00:00,,7.8999999999999995,6.757999999999999,0.034879728549999996,0.034879728549999996
2018-09-07 13:00:00,,7.903999999999997,6.762079999999998,0.03492308,0.03492308
2018-09-07 14:00:00,,7.899999999999999,6.757999999999999,0.034879728549999996,0.034879728549999996
2018-09-07 15:00:00,,7.897333333333333,6.75528,0.03485082758333333,0.03485082758333333
2018-09-07 16:00:00,,7.901333333333333,6.75936,0.034894179033333333,0.034894179033333333
2018-09-07 17:00:00,,7.901714285714285,6.759748571428571,0.03489830774285714,0.03489830774285714
